,t,T,s,i,o,c,h,l,v,n,close_log_return,close_log_return_lag_1,close_log_return_dir,close_log_return_lag_1_dir
0,2022-04-13,2022-04-13 23:59:59.999,BCH,1d,304.73,340.9,349.63,301.03,0.0,0,,,-1,-1
1,2022-04-14,2022-04-14 23:59:59.999,BCH,1d,340.9,337.42,353.0,332.34,0.0,0,-0.010260733966028465,,-1,-1
2,2022-04-15,2022-04-15 23:59:59.999,BCH,1d,337.41,340.62,345.29,333.08,0.0,0,0.009439041232860964,-0.010260733966028465,1,-1
3,2022-04-16,2022-04-16 23:59:59.999,BCH,1d,340.63,342.58,347.61,338.43,0.0,0,0.005737720659148943,0.009439041232860964,1,1
4,2022-04-17,2022-04-17 23:59:59.999,BCH,1d,342.58,327.85,348.81,327.12,0.0,0,-0.043949020360210325,0.005737720659148943,-1,1
5,2022-04-18,2022-04-18 23:59:59.999,BCH,1d,327.8,340.24,340.95,312.59,0.0,0,0.03709506423574963,-0.043949020360210325,1,-1
6,2022-04-19,2022-04-19 23:59:59.999,BCH,1d,340.26,340.28,343.0,332.23,0.0,0,0.00011755716230538295,0.03709506423574963,1,1
7,2022-04-20,2022-04-20 23:59:59.999,BCH,1d,340.29,330.56,344.69,328.75,0.0,0,-0.02898062217640973,0.00011755716230538295,-1,1
8,2022-04-21,2022-04-21 23:59:59.999,BCH,1d,330.57,315.44,345.54,310.76,0.0,0,-0.046819696361902044,-0.02898062217640973,-1,-1
9,2022-04-22,2022-04-22 23:59:59.999,BCH,1d,315.43,320.77,334.62,313.8,0.0,0,0.01675586584059801,-0.046819696361902044,1,-1
10,2022-04-23,2022-04-23 23:59:59.999,BCH,1d,320.76,312.43,324.13,310.98,0.0,0,-0.026343911325260577,0.01675586584059801,-1,1
11,2022-04-24,2022-04-24 23:59:59.999,BCH,1d,312.43,307.39,314.96,306.84,0.0,0,-0.01626314441371414,-0.026343911325260577,-1,-1
12,2022-04-25,2022-04-25 23:59:59.999,BCH,1d,307.38,314.44,315.61,299.43,0.0,0,0.02267597925456075,-0.01626314441371414,1,-1
13,2022-04-26,2022-04-26 23:59:59.999,BCH,1d,314.43,295.85,321.8,291.0,0.0,0,-0.06094070980285253,0.02267597925456075,-1,1
14,2022-04-27,2022-04-27 23:59:59.999,BCH,1d,295.81,307.08,309.28,293.22,0.0,0,0.03725573083699457,-0.06094070980285253,1,-1
15,2022-04-28,2022-04-28 23:59:59.999,BCH,1d,307.07,306.28,312.48,303.04,0.0,0,-0.0026085837147751113,0.03725573083699457,-1,1
16,2022-04-29,2022-04-29 23:59:59.999,BCH,1d,306.29,294.65,308.92,290.35,0.0,0,-0.03871150496100028,-0.0026085837147751113,-1,-1
17,2022-04-30,2022-04-30 23:59:59.999,BCH,1d,294.59,277.36,298.24,267.09,0.0,0,-0.06047190990715422,-0.03871150496100028,-1,-1
18,2022-05-01,2022-05-01 23:59:59.999,BCH,1d,277.36,283.67,287.62,272.25,0.0,0,0.02249528934077139,-0.06047190990715422,1,-1
19,2022-05-02,2022-05-02 23:59:59.999,BCH,1d,283.66,284.86,289.81,279.33,0.0,0,0.004186240788900617,0.02249528934077139,1,1
20,2022-05-03,2022-05-03 23:59:59.999,BCH,1d,284.92,279.29,289.55,276.05,0.0,0,-0.019747162991482468,0.004186240788900617,-1,1
21,2022-05-04,2022-05-04 23:59:59.999,BCH,1d,279.28,299.64,300.16,278.07,0.0,0,0.0703310855647244,-0.019747162991482468,1,-1
22,2022-05-05,2022-05-05 23:59:59.999,BCH,1d,299.66,276.99,302.45,272.06,0.0,0,-0.07860034962703588,0.0703310855647244,-1,1
23,2022-05-06,2022-05-06 23:59:59.999,BCH,1d,277.0,274.85,277.66,265.25,0.0,0,-0.007755910145976861,-0.07860034962703588,-1,-1
24,2022-05-07,2022-05-07 23:59:59.999,BCH,1d,274.84,267.77,277.33,263.12,0.0,0,-0.026097091223174603,-0.007755910145976861,-1,-1
25,2022-05-08,2022-05-08 23:59:59.999,BCH,1d,267.77,261.62,269.68,259.7,0.0,0,-0.023235333823413827,-0.026097091223174603,-1,-1
26,2022-05-09,2022-05-09 23:59:59.999,BCH,1d,261.63,217.41,266.38,214.24,0.0,0,-0.18510809747078127,-0.023235333823413827,-1,-1
27,2022-05-10,2022-05-10 23:59:59.999,BCH,1d,217.31,231.49,244.27,210.28,0.0,0,0.0627517042597151,-0.18510809747078127,1,-1
28,2022-05-11,2022-05-11 23:59:59.999,BCH,1d,231.48,194.57,249.79,183.27,0.0,0,-0.17374468056573011,0.0627517042597151,-1,1
29,2022-05-12,2022-05-12 23:59:59.999,BCH,1d,194.56,194.2,227.13,156.48,0.0,0,-0.001903439626060186,-0.17374468056573011,-1,-1
30,2022-05-13,2022-05-13 23:59:59.999,BCH,1d,194.27,202.24,222.17,191.52,0.0,0,0.04056655510126826,-0.001903439626060186,1,-1
31,2022-05-14,2022-05-14 23:59:59.999,BCH,1d,202.18,208.66,236.9,186.3,0.0,0,0.03125102208133069,0.04056655510126826,1,1
32,2022-05-15,2022-05-15 23:59:59.999,BCH,1d,208.66,214.76,216.02,202.34,0.0,0,0.028814992514545314,0.03125102208133069,1,1
33,2022-05-16,2022-05-16 23:59:59.999,BCH,1d,214.75,197.45,214.89,195.86,0.0,0,-0.08403573782171028,0.028814992514545314,-1,1
34,2022-05-17,2022-05-17 23:59:59.999,BCH,1d,197.46,206.74,215.04,194.27,0.0,0,0.045976577407680436,-0.08403573782171028,1,-1
35,2022-05-18,2022-05-18 23:59:59.999,BCH,1d,206.77,186.89,209.08,185.95,0.0,0,-0.10094175665812757,0.045976577407680436,-1,1
36,2022-05-19,2022-05-19 23:59:59.999,BCH,1d,186.88,196.35,199.2,180.35,0.0,0,0.04937857254180745,-0.10094175665812757,1,-1
37,2022-05-20,2022-05-20 23:59:59.999,BCH,1d,196.38,189.88,200.65,185.87,0.0,0,-0.03350648734090128,0.04937857254180745,-1,1
38,2022-05-21,2022-05-21 23:59:59.999,BCH,1d,189.89,192.19,195.73,186.3,0.0,0,0.012092172363196053,-0.03350648734090128,1,-1
39,2022-05-22,2022-05-22 23:59:59.999,BCH,1d,192.19,197.89,202.28,190.05,0.0,0,0.029226854714498804,0.012092172363196053,1,1
40,2022-05-23,2022-05-23 23:59:59.999,BCH,1d,197.86,191.84,208.07,188.68,0.0,0,-0.031049629481608054,0.029226854714498804,-1,1
41,2022-05-24,2022-05-24 23:59:59.999,BCH,1d,191.87,195.51,197.32,183.02,0.0,0,0.01894983773319456,-0.031049629481608054,1,-1
42,2022-05-25,2022-05-25 23:59:59.999,BCH,1d,195.51,190.09,201.36,189.01,0.0,0,-0.028113884794336453,0.01894983773319456,-1,1
43,2022-05-26,2022-05-26 23:59:59.999,BCH,1d,190.15,179.22,192.69,171.87,0.0,0,-0.05888354276198877,-0.028113884794336453,-1,-1
44,2022-05-27,2022-05-27 23:59:59.999,BCH,1d,179.21,174.76,184.99,171.38,0.0,0,-0.025200497372838384,-0.05888354276198877,-1,-1
45,2022-05-28,2022-05-28 23:59:59.999,BCH,1d,174.74,178.55,180.64,172.75,0.0,0,0.021455069957222465,-0.025200497372838384,1,-1
46,2022-05-29,2022-05-29 23:59:59.999,BCH,1d,178.55,184.96,186.22,175.36,0.0,0,0.03527091144355519,0.021455069957222465,1,1
47,2022-05-30,2022-05-30 23:59:59.999,BCH,1d,184.99,196.81,199.46,184.37,0.0,0,0.06209921085133339,0.03527091144355519,1,1
48,2022-05-31,2022-05-31 23:59:59.999,BCH,1d,196.8,204.43,207.29,191.5,0.0,0,0.03798682226157059,0.06209921085133339,1,1
49,2022-06-01,2022-06-01 23:59:59.999,BCH,1d,204.43,185.84,210.83,183.8,0.0,0,-0.0953395301347628,0.03798682226157059,-1,1
50,2022-06-02,2022-06-02 23:59:59.999,BCH,1d,185.82,188.82,189.68,182.13,0.0,0,0.015908091842216688,-0.0953395301347628,1,-1
51,2022-06-03,2022-06-03 23:59:59.999,BCH,1d,188.83,182.92,191.56,180.15,0.0,0,-0.031745281514516076,0.015908091842216688,-1,1
52,2022-06-04,2022-06-04 23:59:59.999,BCH,1d,182.91,188.61,189.85,179.74,0.0,0,0.03063249227322516,-0.031745281514516076,1,-1
53,2022-06-05,2022-06-05 23:59:59.999,BCH,1d,188.6,179.81,190.29,178.0,0.0,0,-0.04778065321953319,0.03063249227322516,-1,1
54,2022-06-06,2022-06-06 23:59:59.999,BCH,1d,179.76,185.4,189.14,178.85,0.0,0,0.03061491528820851,-0.04778065321953319,1,-1
55,2022-06-07,2022-06-07 23:59:59.999,BCH,1d,185.4,181.83,188.06,173.0,0.0,0,-0.01944346850045133,0.03061491528820851,-1,1
56,2022-06-08,2022-06-08 23:59:59.999,BCH,1d,181.85,176.56,182.8,174.63,0.0,0,-0.029411422682822475,-0.01944346850045133,-1,-1
57,2022-06-09,2022-06-09 23:59:59.999,BCH,1d,176.57,175.45,180.73,172.01,0.0,0,-0.006306659919256904,-0.029411422682822475,-1,-1
58,2022-06-10,2022-06-10 23:59:59.999,BCH,1d,175.45,167.3,177.51,165.34,0.0,0,-0.047565494036445645,-0.006306659919256904,-1,-1
59,2022-06-11,2022-06-11 23:59:59.999,BCH,1d,167.31,156.61,169.7,154.44,0.0,0,-0.06602996951443574,-0.047565494036445645,-1,-1
60,2022-06-12,2022-06-12 23:59:59.999,BCH,1d,156.66,145.87,158.26,145.35,0.0,0,-0.07104282438022068,-0.06602996951443574,-1,-1
61,2022-06-13,2022-06-13 23:59:59.999,BCH,1d,145.84,126.84,148.88,123.88,0.0,0,-0.13978936442797535,-0.07104282438022068,-1,-1
62,2022-06-14,2022-06-14 23:59:59.999,BCH,1d,126.84,125.9,134.8,117.47,0.0,0,-0.0074385086198450676,-0.13978936442797535,-1,-1
63,2022-06-15,2022-06-15 23:59:59.999,BCH,1d,125.84,127.87,131.67,110.0,0.0,0,0.015526181772775505,-0.0074385086198450676,1,-1
64,2022-06-16,2022-06-16 23:59:59.999,BCH,1d,127.86,109.28,130.77,106.98,0.0,0,-0.15710072700059705,0.015526181772775505,-1,1
65,2022-06-17,2022-06-17 23:59:59.999,BCH,1d,109.27,121.33,121.95,106.61,0.0,0,0.10460071024130167,-0.15710072700059705,1,-1
66,2022-06-18,2022-06-18 23:59:59.999,BCH,1d,121.37,115.28,125.2,108.88,0.0,0,-0.051150154372514973,0.10460071024130167,-1,1
67,2022-06-19,2022-06-19 23:59:59.999,BCH,1d,115.28,120.61,123.88,110.96,0.0,0,0.04519824790388486,-0.051150154372514973,1,-1
68,2022-06-20,2022-06-20 23:59:59.999,BCH,1d,120.61,118.57,124.57,116.08,0.0,0,-0.017058696125172416,0.04519824790388486,-1,1
69,2022-06-21,2022-06-21 23:59:59.999,BCH,1d,118.56,119.43,123.17,113.83,0.0,0,0.007226922210356541,-0.017058696125172416,1,-1
70,2022-06-22,2022-06-22 23:59:59.999,BCH,1d,119.46,112.69,119.49,112.15,0.0,0,-0.05808973971607768,0.007226922210356541,-1,1
71,2022-06-23,2022-06-23 23:59:59.999,BCH,1d,112.65,116.21,118.41,111.6,0.0,0,0.03075821327052432,-0.05808973971607768,1,-1
72,2022-06-24,2022-06-24 23:59:59.999,BCH,1d,116.21,114.07,121.02,113.12,0.0,0,-0.018586604194975813,0.03075821327052432,-1,1
73,2022-06-25,2022-06-25 23:59:59.999,BCH,1d,114.1,115.38,116.13,110.48,0.0,0,0.011418733788936854,-0.018586604194975813,1,-1
74,2022-06-26,2022-06-26 23:59:59.999,BCH,1d,115.41,112.74,119.38,112.12,0.0,0,-0.023146746175314464,0.011418733788936854,-1,1
75,2022-06-27,2022-06-27 23:59:59.999,BCH,1d,112.77,111.4,117.17,109.77,0.0,0,-0.011956955160245237,-0.023146746175314464,-1,-1
76,2022-06-28,2022-06-28 23:59:59.999,BCH,1d,111.39,103.09,112.7,102.0,0.0,0,-0.0775249343848903,-0.011956955160245237,-1,-1
77,2022-06-29,2022-06-29 23:59:59.999,BCH,1d,103.08,104.56,107.72,101.03,0.0,0,0.014158676207673249,-0.0775249343848903,1,-1
78,2022-06-30,2022-06-30 23:59:59.999,BCH,1d,104.57,103.14,104.89,97.0,0.0,0,-0.013673780693153606,0.014158676207673249,-1,1
79,2022-07-01,2022-07-01 23:59:59.999,BCH,1d,103.13,101.44,106.54,98.12,0.0,0,-0.016619797933897087,-0.013673780693153606,-1,-1
80,2022-07-02,2022-07-02 23:59:59.999,BCH,1d,101.42,106.52,107.13,100.42,0.0,0,0.04886527025681571,-0.016619797933897087,1,-1
81,2022-07-03,2022-07-03 23:59:59.999,BCH,1d,106.53,105.6,108.39,101.62,0.0,0,-0.00867438967357036,0.04886527025681571,-1,1
82,2022-07-04,2022-07-04 23:59:59.999,BCH,1d,105.6,108.11,108.5,102.49,0.0,0,0.023490856032519054,-0.00867438967357036,1,-1
83,2022-07-05,2022-07-05 23:59:59.999,BCH,1d,108.07,103.96,108.78,101.53,0.0,0,-0.039143017531390524,0.023490856032519054,-1,1
84,2022-07-06,2022-07-06 23:59:59.999,BCH,1d,103.96,105.84,107.11,102.75,0.0,0,0.01792231003341081,-0.039143017531390524,1,-1
85,2022-07-07,2022-07-07 23:59:59.999,BCH,1d,105.87,111.39,112.36,104.91,0.0,0,0.05110903705039822,0.01792231003341081,1,1
86,2022-07-08,2022-07-08 23:59:59.999,BCH,1d,111.43,108.39,113.75,106.8,0.0,0,-0.02730172302943981,0.05110903705039822,-1,1
87,2022-07-09,2022-07-09 23:59:59.999,BCH,1d,108.39,111.27,112.98,108.37,0.0,0,0.026223846341950557,-0.02730172302943981,1,-1
88,2022-07-10,2022-07-10 23:59:59.999,BCH,1d,111.27,106.77,111.49,105.13,0.0,0,-0.04128269197939811,0.026223846341950557,-1,1
89,2022-07-11,2022-07-11 23:59:59.999,BCH,1d,106.76,98.85,107.24,98.43,0.0,0,-0.07707343857358509,-0.04128269197939811,-1,-1
90,2022-07-12,2022-07-12 23:59:59.999,BCH,1d,98.87,97.13,101.0,96.55,0.0,0,-0.01755326220238674,-0.07707343857358509,-1,-1
91,2022-07-13,2022-07-13 23:59:59.999,BCH,1d,97.12,102.46,102.65,95.0,0.0,0,0.0534221910968171,-0.01755326220238674,1,-1
92,2022-07-14,2022-07-14 23:59:59.999,BCH,1d,102.45,102.97,104.13,99.03,0.0,0,0.004965205157603166,0.0534221910968171,1,1
93,2022-07-15,2022-07-15 23:59:59.999,BCH,1d,102.96,106.05,107.0,101.76,0.0,0,0.02947299734203209,0.004965205157603166,1,1
94,2022-07-16,2022-07-16 23:59:59.999,BCH,1d,106.05,109.44,110.71,103.7,0.0,0,0.03146577286354894,0.02947299734203209,1,1
95,2022-07-17,2022-07-17 23:59:59.999,BCH,1d,109.47,110.11,116.29,107.81,0.0,0,0.006103412251259382,0.03146577286354894,1,1
96,2022-07-18,2022-07-18 23:59:59.999,BCH,1d,110.17,121.21,122.12,109.98,0.0,0,0.0960447123569209,0.006103412251259382,1,1
97,2022-07-19,2022-07-19 23:59:59.999,BCH,1d,121.22,128.23,129.5,115.75,0.0,0,0.0563009479886038,0.0960447123569209,1,1
98,2022-07-20,2022-07-20 23:59:59.999,BCH,1d,128.23,121.72,131.3,119.57,0.0,0,-0.05210220144225399,0.0563009479886038,-1,1
99,2022-07-21,2022-07-21 23:59:59.999,BCH,1d,121.7,123.01,124.26,117.42,0.0,0,0.010542327851923307,-0.05210220144225399,1,-1
100,2022-07-22,2022-07-22 23:59:59.999,BCH,1d,123.02,123.13,129.38,119.64,0.0,0,0.0009750549240864079,0.010542327851923307,1,1
101,2022-07-23,2022-07-23 23:59:59.999,BCH,1d,123.14,122.24,127.04,118.0,0.0,0,-0.0072543823865697955,0.0009750549240864079,-1,1
102,2022-07-24,2022-07-24 23:59:59.999,BCH,1d,122.27,131.77,135.0,122.26,0.0,0,0.07507165313895056,-0.0072543823865697955,1,-1
103,2022-07-25,2022-07-25 23:59:59.999,BCH,1d,131.76,117.88,133.0,117.35,0.0,0,-0.111390820687667,0.07507165313895056,-1,1
104,2022-07-26,2022-07-26 23:59:59.999,BCH,1d,117.87,118.8,118.97,113.6,0.0,0,0.007774249059050637,-0.111390820687667,1,-1
105,2022-07-27,2022-07-27 23:59:59.999,BCH,1d,118.79,127.32,127.4,116.06,0.0,0,0.06926219548534744,0.007774249059050637,1,1
106,2022-07-28,2022-07-28 23:59:59.999,BCH,1d,127.27,155.67,159.73,127.05,0.0,0,0.20103477963386593,0.06926219548534744,1,1
107,2022-07-29,2022-07-29 23:59:59.999,BCH,1d,155.63,151.65,164.97,146.84,0.0,0,-0.02616314791316772,0.20103477963386593,-1,1
108,2022-07-30,2022-07-30 23:59:59.999,BCH,1d,151.68,145.34,154.47,143.0,0.0,0,-0.0424994089461003,-0.02616314791316772,-1,-1
109,2022-07-31,2022-07-31 23:59:59.999,BCH,1d,145.36,139.1,150.16,138.29,0.0,0,-0.043882726259092675,-0.0424994089461003,-1,-1
110,2022-08-01,2022-08-01 23:59:59.999,BCH,1d,139.09,137.72,142.07,133.85,0.0,0,-0.009970460459074161,-0.043882726259092675,-1,-1
111,2022-08-02,2022-08-02 23:59:59.999,BCH,1d,137.73,133.7,138.92,128.53,0.0,0,-0.02962415436242563,-0.009970460459074161,-1,-1
112,2022-08-03,2022-08-03 23:59:59.999,BCH,1d,133.66,133.63,142.76,130.09,0.0,0,-0.0005236973149278709,-0.02962415436242563,-1,-1
113,2022-08-04,2022-08-04 23:59:59.999,BCH,1d,133.62,134.15,138.47,132.21,0.0,0,0.003883790078663612,-0.0005236973149278709,1,-1
114,2022-08-05,2022-08-05 23:59:59.999,BCH,1d,134.14,141.81,142.0,133.72,0.0,0,0.055529556601621434,0.003883790078663612,1,1
115,2022-08-06,2022-08-06 23:59:59.999,BCH,1d,141.81,141.21,143.4,138.97,0.0,0,-0.00423998939209403,0.055529556601621434,-1,1
116,2022-08-07,2022-08-07 23:59:59.999,BCH,1d,141.2,140.88,143.79,137.8,0.0,0,-0.0023396798932099603,-0.00423998939209403,-1,-1
117,2022-08-08,2022-08-08 23:59:59.999,BCH,1d,140.9,143.43,148.08,140.14,0.0,0,0.0179386471181711,-0.0023396798932099603,1,-1
118,2022-08-09,2022-08-09 23:59:59.999,BCH,1d,143.43,134.57,144.36,133.02,0.0,0,-0.0637626015526718,0.0179386471181711,-1,1
119,2022-08-10,2022-08-10 23:59:59.999,BCH,1d,134.58,142.08,144.22,131.1,0.0,0,0.054305769490410036,-0.0637626015526718,1,-1
120,2022-08-11,2022-08-11 23:59:59.999,BCH,1d,142.07,142.81,148.71,141.66,0.0,0,0.005124796220981689,0.054305769490410036,1,1
121,2022-08-12,2022-08-12 23:59:59.999,BCH,1d,142.82,143.02,143.34,138.29,0.0,0,0.0014694051554081996,0.005124796220981689,1,1
122,2022-08-13,2022-08-13 23:59:59.999,BCH,1d,143.01,144.17,147.01,142.2,0.0,0,0.008008678203562308,0.0014694051554081996,1,1
123,2022-08-14,2022-08-14 23:59:59.999,BCH,1d,144.16,139.32,147.72,137.92,0.0,0,-0.03421971332601193,0.008008678203562308,-1,1
124,2022-08-15,2022-08-15 23:59:59.999,BCH,1d,139.34,137.05,143.3,133.5,0.0,0,-0.01642762274900555,-0.03421971332601193,-1,-1
125,2022-08-16,2022-08-16 23:59:59.999,BCH,1d,137.04,136.26,138.33,134.39,0.0,0,-0.005780997403272816,-0.01642762274900555,-1,-1
126,2022-08-17,2022-08-17 23:59:59.999,BCH,1d,136.26,133.7,144.83,132.23,0.0,0,-0.018966341237624584,-0.005780997403272816,-1,-1
127,2022-08-18,2022-08-18 23:59:59.999,BCH,1d,133.73,128.97,136.27,126.36,0.0,0,-0.036018664931597597,-0.018966341237624584,-1,-1
128,2022-08-19,2022-08-19 23:59:59.999,BCH,1d,128.97,114.3,128.99,113.24,0.0,0,-0.12075324837553497,-0.036018664931597597,-1,-1
129,2022-08-20,2022-08-20 23:59:59.999,BCH,1d,114.29,114.47,118.11,111.09,0.0,0,0.0014862091296199064,-0.12075324837553497,1,-1
130,2022-08-21,2022-08-21 23:59:59.999,BCH,1d,114.48,119.55,120.56,114.14,0.0,0,0.04342191397394878,0.0014862091296199064,1,1
131,2022-08-22,2022-08-22 23:59:59.999,BCH,1d,119.58,122.53,123.32,113.26,0.0,0,0.024621204057021454,0.04342191397394878,1,1
132,2022-08-23,2022-08-23 23:59:59.999,BCH,1d,122.53,133.34,135.75,119.94,0.0,0,0.08454635922855878,0.024621204057021454,1,1
133,2022-08-24,2022-08-24 23:59:59.999,BCH,1d,133.34,130.36,139.38,130.23,0.0,0,-0.022602403220553045,0.08454635922855878,-1,1
134,2022-08-25,2022-08-25 23:59:59.999,BCH,1d,130.36,130.44,132.72,128.24,0.0,0,0.0006134969517575648,-0.022602403220553045,1,-1
135,2022-08-26,2022-08-26 23:59:59.999,BCH,1d,130.46,116.02,130.47,114.66,0.0,0,-0.11715076088320014,0.0006134969517575648,-1,1
136,2022-08-27,2022-08-27 23:59:59.999,BCH,1d,116.02,115.12,118.44,112.78,0.0,0,-0.0077875274588058,-0.11715076088320014,-1,-1
137,2022-08-28,2022-08-28 23:59:59.999,BCH,1d,115.13,112.53,121.02,111.64,0.0,0,-0.022755209817206766,-0.0077875274588058,-1,-1
138,2022-08-29,2022-08-29 23:59:59.999,BCH,1d,112.53,119.4,119.89,110.67,0.0,0,0.059259348196596194,-0.022755209817206766,1,-1
139,2022-08-30,2022-08-30 23:59:59.999,BCH,1d,119.36,114.57,120.64,111.55,0.0,0,-0.04129321105296731,0.059259348196596194,-1,1
140,2022-08-31,2022-08-31 23:59:59.999,BCH,1d,114.57,114.99,117.89,113.99,0.0,0,0.0036591781550388493,-0.04129321105296731,1,-1
141,2022-09-01,2022-09-01 23:59:59.999,BCH,1d,115.0,116.54,117.1,112.8,0.0,0,0.01338939365435474,0.0036591781550388493,1,1
142,2022-09-02,2022-09-02 23:59:59.999,BCH,1d,116.54,116.3,120.35,114.56,0.0,0,-0.0020615021903094533,0.01338939365435474,-1,1
143,2022-09-03,2022-09-03 23:59:59.999,BCH,1d,116.3,117.71,119.17,115.7,0.0,0,0.012050912899770403,-0.0020615021903094533,1,-1
144,2022-09-04,2022-09-04 23:59:59.999,BCH,1d,117.72,118.34,118.37,115.72,0.0,0,0.005337864824158803,0.012050912899770403,1,1
145,2022-09-05,2022-09-05 23:59:59.999,BCH,1d,118.34,125.51,126.38,116.89,0.0,0,0.05882359942380677,0.005337864824158803,1,1
146,2022-09-06,2022-09-06 23:59:59.999,BCH,1d,125.54,112.07,127.9,111.46,0.0,0,-0.11326176060841825,0.05882359942380677,-1,1
147,2022-09-07,2022-09-07 23:59:59.999,BCH,1d,112.06,118.67,119.48,110.03,0.0,0,0.0572228556131112,-0.11326176060841825,1,-1
148,2022-09-08,2022-09-08 23:59:59.999,BCH,1d,118.65,126.51,130.52,115.74,0.0,0,0.06397482474953049,0.0572228556131112,1,1
149,2022-09-09,2022-09-09 23:59:59.999,BCH,1d,126.51,132.68,138.82,125.87,0.0,0,0.04761885765227349,0.06397482474953049,1,1
150,2022-09-10,2022-09-10 23:59:59.999,BCH,1d,132.69,132.52,134.93,130.29,0.0,0,-0.0012066366471565324,0.04761885765227349,-1,1
151,2022-09-11,2022-09-11 23:59:59.999,BCH,1d,132.52,130.12,133.31,127.24,0.0,0,-0.018276475826544434,-0.0012066366471565324,-1,-1
152,2022-09-12,2022-09-12 23:59:59.999,BCH,1d,130.13,128.77,132.86,126.09,0.0,0,-0.01042923431945824,-0.018276475826544434,-1,-1
153,2022-09-13,2022-09-13 23:59:59.999,BCH,1d,128.78,117.39,133.69,115.58,0.0,0,-0.09252614239526173,-0.01042923431945824,-1,-1
154,2022-09-14,2022-09-14 23:59:59.999,BCH,1d,117.39,119.85,120.68,115.86,0.0,0,0.020739235989962496,-0.09252614239526173,1,-1
155,2022-09-15,2022-09-15 23:59:59.999,BCH,1d,119.83,117.46,122.89,115.88,0.0,0,-0.02014311078601989,0.020739235989962496,-1,1
156,2022-09-16,2022-09-16 23:59:59.999,BCH,1d,117.45,119.52,120.92,115.94,0.0,0,0.017385871290133723,-0.02014311078601989,1,-1
157,2022-09-17,2022-09-17 23:59:59.999,BCH,1d,119.52,122.07,123.45,119.24,0.0,0,0.021110929297201035,0.017385871290133723,1,1
158,2022-09-18,2022-09-18 23:59:59.999,BCH,1d,122.07,111.7,122.16,109.82,0.0,0,-0.08877794460655314,0.021110929297201035,-1,1
159,2022-09-19,2022-09-19 23:59:59.999,BCH,1d,111.71,111.91,113.34,106.4,0.0,0,0.0018782707547806584,-0.08877794460655314,1,-1
160,2022-09-20,2022-09-20 23:59:59.999,BCH,1d,111.93,112.68,114.78,110.85,0.0,0,0.00685696617823625,0.0018782707547806584,1,1
161,2022-09-21,2022-09-21 23:59:59.999,BCH,1d,112.69,108.71,119.17,108.22,0.0,0,-0.035868156792262997,0.00685696617823625,-1,1
162,2022-09-22,2022-09-22 23:59:59.999,BCH,1d,108.72,116.52,117.15,108.46,0.0,0,0.06937914587532491,-0.035868156792262997,1,-1
163,2022-09-23,2022-09-23 23:59:59.999,BCH,1d,116.51,120.07,120.46,112.25,0.0,0,0.030011973951392854,0.06937914587532491,1,1
164,2022-09-24,2022-09-24 23:59:59.999,BCH,1d,120.08,117.26,122.15,117.2,0.0,0,-0.023681214506557503,0.030011973951392854,-1,1
165,2022-09-25,2022-09-25 23:59:59.999,BCH,1d,117.25,113.39,118.54,111.97,0.0,0,-0.0335604875523206,-0.023681214506557503,-1,-1
166,2022-09-26,2022-09-26 23:59:59.999,BCH,1d,113.37,116.24,117.54,112.31,0.0,0,0.024823815278278996,-0.0335604875523206,1,-1
167,2022-09-27,2022-09-27 23:59:59.999,BCH,1d,116.23,114.19,120.44,112.22,0.0,0,-0.017793291548470782,0.024823815278278996,-1,1
168,2022-09-28,2022-09-28 23:59:59.999,BCH,1d,114.19,114.01,115.83,109.89,0.0,0,-0.0015775638679282442,-0.017793291548470782,-1,-1
169,2022-09-29,2022-09-29 23:59:59.999,BCH,1d,114.02,116.89,117.84,113.36,0.0,0,0.024947157774050446,-0.0015775638679282442,1,-1
170,2022-09-30,2022-09-30 23:59:59.999,BCH,1d,116.88,120.02,124.88,115.34,0.0,0,0.02642507394168772,0.024947157774050446,1,1
171,2022-10-01,2022-10-01 23:59:59.999,BCH,1d,120.02,117.1,120.95,115.8,0.0,0,-0.024630124957695183,0.02642507394168772,-1,1
172,2022-10-02,2022-10-02 23:59:59.999,BCH,1d,117.11,114.19,118.51,113.63,0.0,0,-0.025164542890114956,-0.024630124957695183,-1,-1
173,2022-10-03,2022-10-03 23:59:59.999,BCH,1d,114.19,116.16,116.47,113.45,0.0,0,0.017104823362929285,-0.025164542890114956,1,-1
174,2022-10-04,2022-10-04 23:59:59.999,BCH,1d,116.18,121.08,122.08,115.55,0.0,0,0.04148293307703199,0.017104823362929285,1,1
175,2022-10-05,2022-10-05 23:59:59.999,BCH,1d,121.09,122.01,123.44,118.76,0.0,0,0.007651524433725036,0.04148293307703199,1,1
176,2022-10-06,2022-10-06 23:59:59.999,BCH,1d,122.0,118.25,123.73,117.58,0.0,0,-0.0313019812152006,0.007651524433725036,-1,1
177,2022-10-07,2022-10-07 23:59:59.999,BCH,1d,118.25,116.68,120.16,115.32,0.0,0,-0.013365882372521624,-0.0313019812152006,-1,-1
178,2022-10-08,2022-10-08 23:59:59.999,BCH,1d,116.68,116.94,118.78,115.5,0.0,0,0.0022258377480037727,-0.013365882372521624,1,-1
179,2022-10-09,2022-10-09 23:59:59.999,BCH,1d,116.94,117.14,118.4,116.3,0.0,0,0.0017088179141117653,0.0022258377480037727,1,1
180,2022-10-10,2022-10-10 23:59:59.999,BCH,1d,117.14,111.52,118.02,110.5,0.0,0,-0.04916585364942251,0.0017088179141117653,-1,1
181,2022-10-11,2022-10-11 23:59:59.999,BCH,1d,111.52,111.09,112.37,108.75,0.0,0,-0.003863263418582678,-0.04916585364942251,-1,-1
182,2022-10-12,2022-10-12 23:59:59.999,BCH,1d,111.08,111.67,112.58,110.57,0.0,0,0.005207409864069726,-0.003863263418582678,1,-1
183,2022-10-13,2022-10-13 23:59:59.999,BCH,1d,111.67,108.64,112.99,101.36,0.0,0,-0.027508429647314713,0.005207409864069726,-1,1
184,2022-10-14,2022-10-14 23:59:59.999,BCH,1d,108.63,107.44,111.71,106.5,0.0,0,-0.011107111595403936,-0.027508429647314713,-1,-1
185,2022-10-15,2022-10-15 23:59:59.999,BCH,1d,107.45,107.88,109.51,106.65,0.0,0,0.004086946056547063,-0.011107111595403936,1,-1
186,2022-10-16,2022-10-16 23:59:59.999,BCH,1d,107.88,110.21,110.95,107.81,0.0,0,0.02136813843192141,0.004086946056547063,1,1
187,2022-10-17,2022-10-17 23:59:59.999,BCH,1d,110.2,110.54,111.51,109.0,0.0,0,0.0029898097016664675,0.02136813843192141,1,1
188,2022-10-18,2022-10-18 23:59:59.999,BCH,1d,110.54,108.62,111.43,107.04,0.0,0,-0.017521893798417648,0.0029898097016664675,-1,1
189,2022-10-19,2022-10-19 23:59:59.999,BCH,1d,108.62,105.82,108.93,105.0,0.0,0,-0.026116015130713703,-0.017521893798417648,-1,-1
190,2022-10-20,2022-10-20 23:59:59.999,BCH,1d,105.82,106.35,108.94,104.84,0.0,0,0.004996004170260439,-0.026116015130713703,1,-1
191,2022-10-21,2022-10-21 23:59:59.999,BCH,1d,106.35,106.97,107.31,102.74,0.0,0,0.005812879671793312,0.004996004170260439,1,1
192,2022-10-22,2022-10-22 23:59:59.999,BCH,1d,106.99,108.55,110.36,106.09,0.0,0,0.014662475006261465,0.005812879671793312,1,1
193,2022-10-23,2022-10-23 23:59:59.999,BCH,1d,108.55,110.74,111.04,107.51,0.0,0,0.01997421507052034,0.014662475006261465,1,1
194,2022-10-24,2022-10-24 23:59:59.999,BCH,1d,110.74,107.84,111.14,107.32,0.0,0,-0.02653646423082413,0.01997421507052034,-1,1
195,2022-10-25,2022-10-25 23:59:59.999,BCH,1d,107.83,112.61,114.25,107.6,0.0,0,0.043281874544937225,-0.02653646423082413,1,-1
196,2022-10-26,2022-10-26 23:59:59.999,BCH,1d,112.62,114.38,116.33,112.0,0.0,0,0.015595716778235891,0.043281874544937225,1,1
197,2022-10-27,2022-10-27 23:59:59.999,BCH,1d,114.38,112.27,116.82,111.51,0.0,0,-0.018619554016482003,0.015595716778235891,-1,1
198,2022-10-28,2022-10-28 23:59:59.999,BCH,1d,112.26,115.51,116.2,110.92,0.0,0,0.028450421829900912,-0.018619554016482003,1,-1
199,2022-10-29,2022-10-29 23:59:59.999,BCH,1d,115.5,118.42,120.63,115.3,0.0,0,0.02488052080304104,0.028450421829900912,1,1
200,2022-10-30,2022-10-30 23:59:59.999,BCH,1d,118.42,116.1,120.26,114.37,0.0,0,-0.019785738399784255,0.02488052080304104,-1,1
201,2022-10-31,2022-10-31 23:59:59.999,BCH,1d,116.11,114.99,117.86,113.45,0.0,0,-0.009606720643272403,-0.019785738399784255,-1,-1
202,2022-11-01,2022-11-01 23:59:59.999,BCH,1d,114.99,114.93,116.49,113.75,0.0,0,-0.0005219206799059564,-0.009606720643272403,-1,-1
203,2022-11-02,2022-11-02 23:59:59.999,BCH,1d,114.93,113.56,122.0,111.77,0.0,0,-0.01199191577589685,-0.0005219206799059564,-1,-1
204,2022-11-03,2022-11-03 23:59:59.999,BCH,1d,113.55,115.56,120.08,113.06,0.0,0,0.01745854399326416,-0.01199191577589685,1,-1
205,2022-11-04,2022-11-04 23:59:59.999,BCH,1d,115.55,124.37,124.88,114.91,0.0,0,0.07347111806761525,0.01745854399326416,1,1
206,2022-11-05,2022-11-05 23:59:59.999,BCH,1d,124.36,123.68,125.99,122.03,0.0,0,-0.005563408826537807,0.07347111806761525,-1,1
207,2022-11-06,2022-11-06 23:59:59.999,BCH,1d,123.66,116.54,124.23,116.1,0.0,0,-0.05946302312418369,-0.005563408826537807,-1,-1
208,2022-11-07,2022-11-07 23:59:59.999,BCH,1d,116.54,117.79,119.37,114.99,0.0,0,0.010668816255764905,-0.05946302312418369,1,-1
209,2022-11-08,2022-11-08 23:59:59.999,BCH,1d,117.79,103.08,118.84,94.04,0.0,0,-0.1333979921865289,0.010668816255764905,-1,1
210,2022-11-09,2022-11-09 23:59:59.999,BCH,1d,103.08,89.03,103.95,87.08,0.0,0,-0.14653199419858448,-0.1333979921865289,-1,-1
211,2022-11-10,2022-11-10 23:59:59.999,BCH,1d,89.04,102.59,106.49,86.99,0.0,0,0.14176707051404158,-0.14653199419858448,1,-1
212,2022-11-11,2022-11-11 23:59:59.999,BCH,1d,102.6,102.98,106.71,98.71,0.0,0,0.0037943325183739736,0.14176707051404158,1,1
213,2022-11-12,2022-11-12 23:59:59.999,BCH,1d,103.0,102.62,103.13,97.57,0.0,0,-0.003501949104176562,0.0037943325183739736,-1,1
214,2022-11-13,2022-11-13 23:59:59.999,BCH,1d,102.61,99.47,103.48,97.83,0.0,0,-0.031176754349496214,-0.003501949104176562,-1,-1
215,2022-11-14,2022-11-14 23:59:59.999,BCH,1d,99.45,103.7,104.62,96.05,0.0,0,0.04164602407115916,-0.031176754349496214,1,-1
216,2022-11-15,2022-11-15 23:59:59.999,BCH,1d,103.7,103.82,106.09,102.09,0.0,0,0.0011565151636012793,0.04164602407115916,1,1
217,2022-11-16,2022-11-16 23:59:59.999,BCH,1d,103.84,104.32,109.71,102.33,0.0,0,0.004804467779259824,0.0011565151636012793,1,1
218,2022-11-17,2022-11-17 23:59:59.999,BCH,1d,104.31,103.73,105.21,101.06,0.0,0,-0.005671728734606042,0.004804467779259824,-1,1
219,2022-11-18,2022-11-18 23:59:59.999,BCH,1d,103.73,104.62,105.8,103.53,0.0,0,0.008543368498728452,-0.005671728734606042,1,-1
220,2022-11-19,2022-11-19 23:59:59.999,BCH,1d,104.62,104.7,106.16,103.82,0.0,0,0.0007643799340261876,0.008543368498728452,1,1
221,2022-11-20,2022-11-20 23:59:59.999,BCH,1d,104.7,104.65,107.46,103.0,0.0,0,-0.0004776689844823941,0.0007643799340261876,-1,1
222,2022-11-21,2022-11-21 23:59:59.999,BCH,1d,104.64,103.19,107.45,100.36,0.0,0,-0.01404949976438587,-0.0004776689844823941,-1,-1
223,2022-11-22,2022-11-22 23:59:59.999,BCH,1d,103.2,109.31,109.43,102.91,0.0,0,0.05761593317812121,-0.01404949976438587,1,-1
224,2022-11-23,2022-11-23 23:59:59.999,BCH,1d,109.32,114.82,119.75,108.41,0.0,0,0.04917780243374648,0.05761593317812121,1,1
225,2022-11-24,2022-11-24 23:59:59.999,BCH,1d,114.85,115.84,118.62,113.0,0.0,0,0.008844243897915592,0.04917780243374648,1,1
226,2022-11-25,2022-11-25 23:59:59.999,BCH,1d,115.86,113.84,116.32,113.02,0.0,0,-0.017415974855809303,0.008844243897915592,-1,1
227,2022-11-26,2022-11-26 23:59:59.999,BCH,1d,113.84,112.36,115.63,111.25,0.0,0,-0.013085951545554088,-0.017415974855809303,-1,-1
228,2022-11-27,2022-11-27 23:59:59.999,BCH,1d,112.36,111.08,113.72,110.57,0.0,0,-0.011457339797444177,-0.013085951545554088,-1,-1
229,2022-11-28,2022-11-28 23:59:59.999,BCH,1d,111.08,109.88,111.96,105.78,0.0,0,-0.010861801211525702,-0.011457339797444177,-1,-1
230,2022-11-29,2022-11-29 23:59:59.999,BCH,1d,109.88,110.82,113.14,109.03,0.0,0,0.008518402212130448,-0.010861801211525702,1,-1
231,2022-11-30,2022-11-30 23:59:59.999,BCH,1d,110.81,113.31,114.58,110.23,0.0,0,0.022220161953271592,0.008518402212130448,1,1
232,2022-12-01,2022-12-01 23:59:59.999,BCH,1d,113.31,110.31,113.68,109.44,0.0,0,-0.02683284141118486,0.022220161953271592,-1,1
233,2022-12-02,2022-12-02 23:59:59.999,BCH,1d,110.31,111.9,112.27,108.11,0.0,0,0.014311031336589173,-0.02683284141118486,1,-1
234,2022-12-03,2022-12-03 23:59:59.999,BCH,1d,111.91,109.55,112.26,109.31,0.0,0,-0.021224549276404072,0.014311031336589173,-1,1
235,2022-12-04,2022-12-04 23:59:59.999,BCH,1d,109.55,110.94,111.86,109.48,0.0,0,0.012608448585612936,-0.021224549276404072,1,-1
236,2022-12-05,2022-12-05 23:59:59.999,BCH,1d,110.94,110.32,116.79,109.53,0.0,0,-0.005604281142042146,0.012608448585612936,-1,1
237,2022-12-06,2022-12-06 23:59:59.999,BCH,1d,110.32,111.97,112.18,110.12,0.0,0,0.014845744787059346,-0.005604281142042146,1,-1
238,2022-12-07,2022-12-07 23:59:59.999,BCH,1d,111.97,109.03,112.76,107.18,0.0,0,-0.026607904553815245,0.014845744787059346,-1,1
239,2022-12-08,2022-12-08 23:59:59.999,BCH,1d,109.04,111.79,112.26,108.32,0.0,0,0.024999037563944004,-0.026607904553815245,1,-1
240,2022-12-09,2022-12-09 23:59:59.999,BCH,1d,111.79,109.76,112.24,108.89,0.0,0,-0.018325947304659324,0.024999037563944004,-1,1
241,2022-12-10,2022-12-10 23:59:59.999,BCH,1d,109.77,109.04,110.43,108.59,0.0,0,-0.006581376589297919,-0.018325947304659324,-1,-1
242,2022-12-11,2022-12-11 23:59:59.999,BCH,1d,109.05,106.09,109.86,105.49,0.0,0,-0.027426996917097043,-0.006581376589297919,-1,-1
243,2022-12-12,2022-12-12 23:59:59.999,BCH,1d,106.1,106.22,106.64,101.57,0.0,0,0.0012246245230728237,-0.027426996917097043,1,-1
244,2022-12-13,2022-12-13 23:59:59.999,BCH,1d,106.21,110.17,111.39,103.58,0.0,0,0.03651221235772057,0.0012246245230728237,1,1
245,2022-12-14,2022-12-14 23:59:59.999,BCH,1d,110.18,108.93,111.11,107.27,0.0,0,-0.011319153257619364,0.03651221235772057,-1,1
246,2022-12-15,2022-12-15 23:59:59.999,BCH,1d,108.94,107.2,109.86,106.57,0.0,0,-0.016009225457652515,-0.011319153257619364,-1,-1
247,2022-12-16,2022-12-16 23:59:59.999,BCH,1d,107.21,99.98,108.0,98.46,0.0,0,-0.06972608265127726,-0.016009225457652515,-1,-1
248,2022-12-17,2022-12-17 23:59:59.999,BCH,1d,99.96,103.03,103.34,98.44,0.0,0,0.03005004197155242,-0.06972608265127726,1,-1
249,2022-12-18,2022-12-18 23:59:59.999,BCH,1d,103.02,101.84,103.49,101.21,0.0,0,-0.011617253707825537,0.03005004197155242,-1,1
250,2022-12-19,2022-12-19 23:59:59.999,BCH,1d,101.83,98.29,102.92,97.55,0.0,0,-0.035480661670613096,-0.011617253707825537,-1,-1
251,2022-12-20,2022-12-20 23:59:59.999,BCH,1d,98.28,101.54,102.35,98.13,0.0,0,0.03253051694071039,-0.035480661670613096,1,-1
252,2022-12-21,2022-12-21 23:59:59.999,BCH,1d,101.53,100.26,102.24,99.74,0.0,0,-0.012685997683890907,0.03253051694071039,-1,1
253,2022-12-22,2022-12-22 23:59:59.999,BCH,1d,100.25,101.38,101.44,99.2,0.0,0,0.011109021208845835,-0.012685997683890907,1,-1
254,2022-12-23,2022-12-23 23:59:59.999,BCH,1d,101.39,101.87,102.84,101.08,0.0,0,0.004821657557771698,0.011109021208845835,1,1
255,2022-12-24,2022-12-24 23:59:59.999,BCH,1d,101.88,101.62,102.66,101.52,0.0,0,-0.002457124436389172,0.004821657557771698,-1,1
256,2022-12-25,2022-12-25 23:59:59.999,BCH,1d,101.62,101.3,101.91,99.49,0.0,0,-0.0031539549109482444,-0.002457124436389172,-1,-1
257,2022-12-26,2022-12-26 23:59:59.999,BCH,1d,101.3,103.39,103.5,100.82,0.0,0,0.02042183434396411,-0.0031539549109482444,1,-1
258,2022-12-27,2022-12-27 23:59:59.999,BCH,1d,103.39,101.64,103.75,100.94,0.0,0,-0.01707108714663842,0.02042183434396411,-1,1
259,2022-12-28,2022-12-28 23:59:59.999,BCH,1d,101.63,99.13,102.54,98.56,0.0,0,-0.025005038407157322,-0.01707108714663842,-1,-1
260,2022-12-29,2022-12-29 23:59:59.999,BCH,1d,99.13,98.37,100.2,97.02,0.0,0,-0.0076962405201394055,-0.025005038407157322,-1,-1
261,2022-12-30,2022-12-30 23:59:59.999,BCH,1d,98.36,96.62,98.41,95.1,0.0,0,-0.01795012039840602,-0.0076962405201394055,-1,-1
262,2022-12-31,2022-12-31 23:59:59.999,BCH,1d,96.62,97.03,98.42,96.31,0.0,0,0.004234449910947402,-0.01795012039840602,1,-1
263,2023-01-01,2023-01-01 23:59:59.999,BCH,1d,97.02,96.76,97.48,96.06,0.0,0,-0.0027865232953815933,0.004234449910947402,-1,1
264,2023-01-02,2023-01-02 23:59:59.999,BCH,1d,96.76,99.23,100.4,95.27,0.0,0,0.02520670218432369,-0.0027865232953815933,1,-1
265,2023-01-03,2023-01-03 23:59:59.999,BCH,1d,99.23,99.62,100.36,98.7,0.0,0,0.003922559718987284,0.02520670218432369,1,1
266,2023-01-04,2023-01-04 23:59:59.999,BCH,1d,99.62,101.47,102.4,99.44,0.0,0,0.018400240645854236,0.003922559718987284,1,1
267,2023-01-05,2023-01-05 23:59:59.999,BCH,1d,101.48,101.15,103.42,100.5,0.0,0,-0.003158624677236926,0.018400240645854236,-1,1
268,2023-01-06,2023-01-06 23:59:59.999,BCH,1d,101.13,101.6,101.89,98.0,0.0,0,0.00443897153062686,-0.003158624677236926,1,-1
269,2023-01-07,2023-01-07 23:59:59.999,BCH,1d,101.59,101.44,102.24,101.07,0.0,0,-0.0015760444554656545,0.00443897153062686,-1,1
270,2023-01-08,2023-01-08 23:59:59.999,BCH,1d,101.44,103.63,103.89,100.67,0.0,0,0.021359372507210154,-0.0015760444554656545,1,-1
271,2023-01-09,2023-01-09 23:59:59.999,BCH,1d,103.64,106.71,107.87,103.59,0.0,0,0.029288011432347483,0.021359372507210154,1,1
272,2023-01-10,2023-01-10 23:59:59.999,BCH,1d,106.71,107.37,109.24,105.46,0.0,0,0.006165938817570817,0.029288011432347483,1,1
273,2023-01-11,2023-01-11 23:59:59.999,BCH,1d,107.38,109.77,110.19,105.35,0.0,0,0.02210645425318094,0.006165938817570817,1,1
274,2023-01-12,2023-01-12 23:59:59.999,BCH,1d,109.77,119.6,125.8,107.0,0.0,0,0.08576557381730618,0.02210645425318094,1,1
275,2023-01-13,2023-01-13 23:59:59.999,BCH,1d,119.61,124.55,128.29,117.68,0.0,0,0.04055440019165812,0.08576557381730618,1,1
276,2023-01-14,2023-01-14 23:59:59.999,BCH,1d,124.54,125.82,131.81,119.77,0.0,0,0.010145072433694025,0.04055440019165812,1,1
277,2023-01-15,2023-01-15 23:59:59.999,BCH,1d,125.83,124.96,127.23,121.47,0.0,0,-0.006858628050507753,0.010145072433694025,-1,1
278,2023-01-16,2023-01-16 23:59:59.999,BCH,1d,124.96,124.01,127.14,119.14,0.0,0,-0.007631478576694775,-0.006858628050507753,-1,-1
279,2023-01-17,2023-01-17 23:59:59.999,BCH,1d,124.02,122.64,125.85,121.67,0.0,0,-0.011108972951122282,-0.007631478576694775,-1,-1
280,2023-01-18,2023-01-18 23:59:59.999,BCH,1d,122.67,118.54,127.39,115.0,0.0,0,-0.034002778203866484,-0.011108972951122282,-1,-1
281,2023-01-19,2023-01-19 23:59:59.999,BCH,1d,118.55,121.58,122.4,118.43,0.0,0,0.02532202596088418,-0.034002778203866484,1,-1
282,2023-01-20,2023-01-20 23:59:59.999,BCH,1d,121.58,127.99,128.23,120.32,0.0,0,0.051379653547123996,0.02532202596088418,1,1
283,2023-01-21,2023-01-21 23:59:59.999,BCH,1d,128.0,127.86,134.03,125.11,0.0,0,-0.001016220529119592,0.051379653547123996,-1,1
284,2023-01-22,2023-01-22 23:59:59.999,BCH,1d,127.86,128.49,132.39,127.04,0.0,0,0.004915164956808624,-0.001016220529119592,1,-1
285,2023-01-23,2023-01-23 23:59:59.999,BCH,1d,128.51,133.21,138.69,128.37,0.0,0,0.0360757500679821,0.004915164956808624,1,1
286,2023-01-24,2023-01-24 23:59:59.999,BCH,1d,133.24,128.1,137.13,125.34,0.0,0,-0.03911562146068301,0.0360757500679821,-1,1
287,2023-01-25,2023-01-25 23:59:59.999,BCH,1d,128.09,131.81,134.55,125.1,0.0,0,0.028550282821685796,-0.03911562146068301,1,-1
288,2023-01-26,2023-01-26 23:59:59.999,BCH,1d,131.82,133.83,135.03,129.41,0.0,0,0.015208846083908859,0.028550282821685796,1,1
289,2023-01-27,2023-01-27 23:59:59.999,BCH,1d,133.84,135.23,136.32,131.4,0.0,0,0.010406694676985205,0.015208846083908859,1,1
290,2023-01-28,2023-01-28 23:59:59.999,BCH,1d,135.22,132.6,135.77,131.2,0.0,0,-0.019639954733506246,0.010406694676985205,-1,1
291,2023-01-29,2023-01-29 23:59:59.999,BCH,1d,132.59,136.51,138.65,131.78,0.0,0,0.029060794263124152,-0.019639954733506246,1,-1
292,2023-01-30,2023-01-30 23:59:59.999,BCH,1d,136.52,130.98,136.69,126.77,0.0,0,-0.04135323222497891,0.029060794263124152,-1,1
293,2023-01-31,2023-01-31 23:59:59.999,BCH,1d,130.98,133.15,136.34,130.45,0.0,0,0.016431672470033777,-0.04135323222497891,1,-1
294,2023-02-01,2023-02-01 23:59:59.999,BCH,1d,133.15,136.1,136.88,129.66,0.0,0,0.021913597397479,0.016431672470033777,1,1
295,2023-02-02,2023-02-02 23:59:59.999,BCH,1d,136.11,136.61,143.59,135.34,0.0,0,0.003740241241975525,0.021913597397479,1,1
296,2023-02-03,2023-02-03 23:59:59.999,BCH,1d,136.65,137.82,139.67,135.96,0.0,0,0.008818335029666058,0.003740241241975525,1,1
297,2023-02-04,2023-02-04 23:59:59.999,BCH,1d,137.82,137.97,139.96,136.24,0.0,0,0.0010877842908801959,0.008818335029666058,1,1
298,2023-02-05,2023-02-05 23:59:59.999,BCH,1d,137.98,134.37,138.25,132.43,0.0,0,-0.026439081332623737,0.0010877842908801959,-1,1
299,2023-02-06,2023-02-06 23:59:59.999,BCH,1d,134.35,131.42,134.97,130.11,0.0,0,-0.022198887417596763,-0.026439081332623737,-1,-1
300,2023-02-07,2023-02-07 23:59:59.999,BCH,1d,131.42,135.89,137.98,131.08,0.0,0,0.03344743346268431,-0.022198887417596763,1,-1
301,2023-02-08,2023-02-08 23:59:59.999,BCH,1d,135.89,131.53,136.79,129.57,0.0,0,-0.03261077245171873,0.03344743346268431,-1,1
302,2023-02-09,2023-02-09 23:59:59.999,BCH,1d,131.54,126.56,132.46,121.35,0.0,0,-0.03851845846134348,-0.03261077245171873,-1,-1
303,2023-02-10,2023-02-10 23:59:59.999,BCH,1d,126.57,124.12,130.1,123.63,0.0,0,-0.019467664439164298,-0.03851845846134348,-1,-1
304,2023-02-11,2023-02-11 23:59:59.999,BCH,1d,124.12,124.59,125.26,122.88,0.0,0,0.0037795067305924066,-0.019467664439164298,1,-1
305,2023-02-12,2023-02-12 23:59:59.999,BCH,1d,124.58,122.7,126.48,120.97,0.0,0,-0.015285994593906112,0.0037795067305924066,-1,1
306,2023-02-13,2023-02-13 23:59:59.999,BCH,1d,122.7,123.7,124.62,119.42,0.0,0,0.00811692768157639,-0.015285994593906112,1,-1
307,2023-02-14,2023-02-14 23:59:59.999,BCH,1d,123.7,126.6,127.1,122.6,0.0,0,0.023173230311633587,0.00811692768157639,1,1
308,2023-02-15,2023-02-15 23:59:59.999,BCH,1d,126.6,134.8,135.32,124.87,0.0,0,0.06275968876813103,0.023173230311633587,1,1
309,2023-02-16,2023-02-16 23:59:59.999,BCH,1d,134.81,127.84,135.78,127.45,0.0,0,-0.05301271646024218,0.06275968876813103,-1,1
310,2023-02-17,2023-02-17 23:59:59.999,BCH,1d,127.84,133.35,134.61,127.28,0.0,0,0.04219776861005856,-0.05301271646024218,1,-1
311,2023-02-18,2023-02-18 23:59:59.999,BCH,1d,133.34,136.1,138.7,133.21,0.0,0,0.020412659029397085,0.04219776861005856,1,1
312,2023-02-19,2023-02-19 23:59:59.999,BCH,1d,136.09,135.95,141.16,134.44,0.0,0,-0.0011027385789407463,0.020412659029397085,-1,1
313,2023-02-20,2023-02-20 23:59:59.999,BCH,1d,135.96,144.91,148.97,133.08,0.0,0,0.06382568897935309,-0.0011027385789407463,1,-1
314,2023-02-21,2023-02-21 23:59:59.999,BCH,1d,144.91,145.26,154.0,142.4,0.0,0,0.002412380120189237,0.06382568897935309,1,1
315,2023-02-22,2023-02-22 23:59:59.999,BCH,1d,145.26,141.79,145.64,136.73,0.0,0,-0.024178150428555558,0.002412380120189237,-1,1
316,2023-02-23,2023-02-23 23:59:59.999,BCH,1d,141.79,138.57,143.69,137.28,0.0,0,-0.022971476638842792,-0.024178150428555558,-1,-1
317,2023-02-24,2023-02-24 23:59:59.999,BCH,1d,138.58,132.66,139.63,130.01,0.0,0,-0.043586149013213706,-0.022971476638842792,-1,-1
318,2023-02-25,2023-02-25 23:59:59.999,BCH,1d,132.67,133.05,135.57,128.96,0.0,0,0.002935533326288413,-0.043586149013213706,1,-1
319,2023-02-26,2023-02-26 23:59:59.999,BCH,1d,133.04,136.19,137.38,132.08,0.0,0,0.023325972157167765,0.002935533326288413,1,1
320,2023-02-27,2023-02-27 23:59:59.999,BCH,1d,136.18,135.06,138.21,133.14,0.0,0,-0.008331845434170126,0.023325972157167765,-1,1
321,2023-02-28,2023-02-28 23:59:59.999,BCH,1d,135.06,131.94,135.2,130.31,0.0,0,-0.0233718503519711,-0.008331845434170126,-1,-1
322,2023-03-01,2023-03-01 23:59:59.999,BCH,1d,131.93,134.1,135.85,131.48,0.0,0,0.016238516492908018,-0.0233718503519711,1,-1
323,2023-03-02,2023-03-02 23:59:59.999,BCH,1d,134.11,131.78,134.66,129.76,0.0,0,-0.01745192480195894,0.016238516492908018,-1,1
324,2023-03-03,2023-03-03 23:59:59.999,BCH,1d,131.77,126.26,131.81,119.36,0.0,0,-0.042790592546194196,-0.01745192480195894,-1,-1
325,2023-03-04,2023-03-04 23:59:59.999,BCH,1d,126.26,124.31,127.09,122.19,0.0,0,-0.015564827135855558,-0.042790592546194196,-1,-1
326,2023-03-05,2023-03-05 23:59:59.999,BCH,1d,124.32,123.9,126.44,123.01,0.0,0,-0.0033036571685272956,-0.015564827135855558,-1,-1
327,2023-03-06,2023-03-06 23:59:59.999,BCH,1d,123.9,124.14,124.89,122.01,0.0,0,0.001935172350409965,-0.0033036571685272956,1,-1
328,2023-03-07,2023-03-07 23:59:59.999,BCH,1d,124.14,122.16,125.87,119.82,0.0,0,-0.01607830007512965,0.001935172350409965,-1,1
329,2023-03-08,2023-03-08 23:59:59.999,BCH,1d,122.15,116.53,122.54,114.16,0.0,0,-0.047182910325205,-0.01607830007512965,-1,-1
330,2023-03-09,2023-03-09 23:59:59.999,BCH,1d,116.52,110.1,118.35,105.64,0.0,0,-0.05675970685653769,-0.047182910325205,-1,-1
331,2023-03-10,2023-03-10 23:59:59.999,BCH,1d,110.09,111.5,111.81,104.91,0.0,0,0.012635547171539136,-0.05675970685653769,1,-1
332,2023-03-11,2023-03-11 23:59:59.999,BCH,1d,111.5,113.39,115.0,107.06,0.0,0,0.016808613083575084,0.012635547171539136,1,1
333,2023-03-12,2023-03-12 23:59:59.999,BCH,1d,113.39,120.22,120.91,111.87,0.0,0,0.058490193627267505,0.016808613083575084,1,1
334,2023-03-13,2023-03-13 23:59:59.999,BCH,1d,120.22,126.49,127.99,119.0,0.0,0,0.05083985604843437,0.058490193627267505,1,1
335,2023-03-14,2023-03-14 23:59:59.999,BCH,1d,126.5,130.94,136.15,125.11,0.0,0,0.034575949353494985,0.05083985604843437,1,1
336,2023-03-15,2023-03-15 23:59:59.999,BCH,1d,130.94,123.13,133.72,121.85,0.0,0,-0.06149849520816517,0.034575949353494985,-1,1
337,2023-03-16,2023-03-16 23:59:59.999,BCH,1d,123.13,125.64,126.89,122.02,0.0,0,0.0201799668656657,-0.06149849520816517,1,-1
338,2023-03-17,2023-03-17 23:59:59.999,BCH,1d,125.64,135.37,135.59,124.61,0.0,0,0.07459109552724899,0.0201799668656657,1,1
339,2023-03-18,2023-03-18 23:59:59.999,BCH,1d,135.36,130.92,137.88,130.03,0.0,0,-0.03342532056471521,0.07459109552724899,-1,1
340,2023-03-19,2023-03-19 23:59:59.999,BCH,1d,130.91,135.75,136.89,130.89,0.0,0,0.03622850918106515,-0.03342532056471521,1,-1
341,2023-03-20,2023-03-20 23:59:59.999,BCH,1d,135.77,130.16,139.45,129.22,0.0,0,-0.04205049590326248,0.03622850918106515,-1,1
342,2023-03-21,2023-03-21 23:59:59.999,BCH,1d,130.16,133.85,134.54,125.5,0.0,0,0.027955307055579085,-0.04205049590326248,1,-1
343,2023-03-22,2023-03-22 23:59:59.999,BCH,1d,133.85,125.87,134.4,122.45,0.0,0,-0.06147014166294783,0.027955307055579085,-1,1
344,2023-03-23,2023-03-23 23:59:59.999,BCH,1d,125.87,128.53,131.01,124.24,0.0,0,0.020912711818626906,-0.06147014166294783,1,-1
345,2023-03-24,2023-03-24 23:59:59.999,BCH,1d,128.52,123.57,131.76,121.25,0.0,0,-0.03935454300594147,0.020912711818626906,-1,1
346,2023-03-25,2023-03-25 23:59:59.999,BCH,1d,123.57,125.01,127.48,123.01,0.0,0,0.011585936986372891,-0.03935454300594147,1,-1
347,2023-03-26,2023-03-26 23:59:59.999,BCH,1d,125.0,124.63,127.08,123.42,0.0,0,-0.00304438626418641,0.011585936986372891,-1,1
348,2023-03-27,2023-03-27 23:59:59.999,BCH,1d,124.63,120.32,124.84,116.28,0.0,0,-0.03519448763675581,-0.00304438626418641,-1,-1
349,2023-03-28,2023-03-28 23:59:59.999,BCH,1d,120.32,120.84,122.23,119.0,0.0,0,0.004312496316941702,-0.03519448763675581,1,-1
350,2023-03-29,2023-03-29 23:59:59.999,BCH,1d,120.84,123.15,124.59,120.34,0.0,0,0.01893576804807568,0.004312496316941702,1,1
351,2023-03-30,2023-03-30 23:59:59.999,BCH,1d,123.15,121.01,125.17,118.84,0.0,0,-0.017529937756585783,0.01893576804807568,-1,1
352,2023-03-31,2023-03-31 23:59:59.999,BCH,1d,121.0,123.79,124.65,120.03,0.0,0,0.02271339473375787,-0.017529937756585783,1,-1
353,2023-04-01,2023-04-01 23:59:59.999,BCH,1d,123.78,126.0,127.68,123.31,0.0,0,0.017695325407759,0.02271339473375787,1,1
354,2023-04-02,2023-04-02 23:59:59.999,BCH,1d,126.01,122.83,126.48,121.0,0.0,0,-0.025480621400474995,0.017695325407759,-1,1
355,2023-04-03,2023-04-03 23:59:59.999,BCH,1d,122.83,127.73,129.47,119.28,0.0,0,0.039117375503682564,-0.025480621400474995,1,-1
356,2023-04-04,2023-04-04 23:59:59.999,BCH,1d,127.72,126.95,128.31,125.73,0.0,0,-0.006125352903998071,0.039117375503682564,-1,1
357,2023-04-05,2023-04-05 23:59:59.999,BCH,1d,126.93,127.15,129.9,125.01,0.0,0,0.001574183717441141,-0.006125352903998071,1,-1
358,2023-04-06,2023-04-06 23:59:59.999,BCH,1d,127.13,126.0,127.58,124.64,0.0,0,-0.009085584916650645,0.001574183717441141,-1,1
359,2023-04-07,2023-04-07 23:59:59.999,BCH,1d,125.98,124.47,126.5,123.06,0.0,0,-0.012217183938591752,-0.009085584916650645,-1,-1
360,2023-04-08,2023-04-08 23:59:59.999,BCH,1d,124.47,123.7,125.12,122.7,0.0,0,-0.006205443614444031,-0.012217183938591752,-1,-1
361,2023-04-09,2023-04-09 23:59:59.999,BCH,1d,123.68,125.39,126.36,123.24,0.0,0,0.013569600804004319,-0.006205443614444031,1,-1
362,2023-04-10,2023-04-10 23:59:59.999,BCH,1d,125.4,127.95,128.71,123.92,0.0,0,0.020210682403351436,0.013569600804004319,1,1
363,2023-04-11,2023-04-11 23:59:59.999,BCH,1d,127.95,129.04,130.61,127.32,0.0,0,0.008482871211155592,0.020210682403351436,1,1
364,2023-04-12,2023-04-12 23:59:59.999,BCH,1d,129.04,128.74,129.83,125.37,0.0,0,-0.0023275671924834515,0.008482871211155592,-1,1
365,2023-04-13,2023-04-13 23:59:59.999,BCH,1d,128.74,131.02,131.75,127.83,0.0,0,0.017555116679260397,-0.0023275671924834515,1,-1
366,2023-04-14,2023-04-14 23:59:59.999,BCH,1d,131.03,132.09,134.4,128.78,0.0,0,0.008133525132041727,0.017555116679260397,1,1
367,2023-04-15,2023-04-15 23:59:59.999,BCH,1d,132.09,132.49,133.66,130.57,0.0,0,0.0030236624442597604,0.008133525132041727,1,1
368,2023-04-16,2023-04-16 23:59:59.999,BCH,1d,132.5,134.29,136.12,130.89,0.0,0,0.013494469713051961,0.0030236624442597604,1,1
369,2023-04-17,2023-04-17 23:59:59.999,BCH,1d,134.29,131.51,134.5,130.13,0.0,0,-0.02091874623921042,0.013494469713051961,-1,1
370,2023-04-18,2023-04-18 23:59:59.999,BCH,1d,131.51,133.53,134.14,130.15,0.0,0,0.015243277341999177,-0.02091874623921042,1,-1
371,2023-04-19,2023-04-19 23:59:59.999,BCH,1d,133.54,124.77,133.86,121.6,0.0,0,-0.0678541292729427,0.015243277341999177,-1,1
372,2023-04-20,2023-04-20 23:59:59.999,BCH,1d,124.76,123.07,126.85,121.18,0.0,0,-0.013718743238684739,-0.0678541292729427,-1,-1
373,2023-04-21,2023-04-21 23:59:59.999,BCH,1d,123.08,119.74,124.96,118.1,0.0,0,-0.027430573687039283,-0.013718743238684739,-1,-1
374,2023-04-22,2023-04-22 23:59:59.999,BCH,1d,119.73,121.87,122.77,118.96,0.0,0,0.01763217733820516,-0.027430573687039283,1,-1
375,2023-04-23,2023-04-23 23:59:59.999,BCH,1d,121.87,119.73,122.74,117.7,0.0,0,-0.01771569510665873,0.01763217733820516,-1,1
376,2023-04-24,2023-04-24 23:59:59.999,BCH,1d,119.74,119.08,121.57,118.53,0.0,0,-0.005443671581176581,-0.01771569510665873,-1,-1
377,2023-04-25,2023-04-25 23:59:59.999,BCH,1d,119.09,120.13,120.3,116.4,0.0,0,0.008778953585708005,-0.005443671581176581,1,-1
378,2023-04-26,2023-04-26 23:59:59.999,BCH,1d,120.13,117.35,123.25,111.32,0.0,0,-0.023413567436251188,0.008778953585708005,-1,1
379,2023-04-27,2023-04-27 23:59:59.999,BCH,1d,117.36,116.96,120.28,116.02,0.0,0,-0.0033289262955641277,-0.023413567436251188,-1,-1
380,2023-04-28,2023-04-28 23:59:59.999,BCH,1d,116.96,117.87,120.39,115.04,0.0,0,0.007750326237009825,-0.0033289262955641277,1,-1
381,2023-04-29,2023-04-29 23:59:59.999,BCH,1d,117.87,119.75,120.08,117.51,0.0,0,0.015823914052546476,0.007750326237009825,1,1
382,2023-04-30,2023-04-30 23:59:59.999,BCH,1d,119.76,117.57,120.91,117.36,0.0,0,-0.018372335411374844,0.015823914052546476,-1,1
383,2023-05-01,2023-05-01 23:59:59.999,BCH,1d,117.58,116.93,118.32,114.99,0.0,0,-0.00545843572742255,-0.018372335411374844,-1,-1
384,2023-05-02,2023-05-02 23:59:59.999,BCH,1d,116.93,119.17,119.58,116.22,0.0,0,0.018975579950487584,-0.00545843572742255,1,-1
385,2023-05-03,2023-05-03 23:59:59.999,BCH,1d,119.17,120.01,120.74,115.83,0.0,0,0.00702402754063532,0.018975579950487584,1,1
386,2023-05-04,2023-05-04 23:59:59.999,BCH,1d,120.0,117.27,120.1,116.31,0.0,0,-0.02309610417037691,0.00702402754063532,-1,1
387,2023-05-05,2023-05-05 23:59:59.999,BCH,1d,117.28,120.04,120.96,116.74,0.0,0,0.023346052099193215,-0.02309610417037691,1,-1
388,2023-05-06,2023-05-06 23:59:59.999,BCH,1d,120.04,116.84,120.55,115.0,0.0,0,-0.02701954305262618,0.023346052099193215,-1,1
389,2023-05-07,2023-05-07 23:59:59.999,BCH,1d,116.84,115.99,117.65,115.58,0.0,0,-0.007301497025755406,-0.02701954305262618,-1,-1
390,2023-05-08,2023-05-08 23:59:59.999,BCH,1d,116.0,111.12,116.77,106.57,0.0,0,-0.04289328204769642,-0.007301497025755406,-1,-1
391,2023-05-09,2023-05-09 23:59:59.999,BCH,1d,111.12,122.09,123.86,110.14,0.0,0,0.09414777923467572,-0.04289328204769642,1,-1
392,2023-05-10,2023-05-10 23:59:59.999,BCH,1d,122.08,115.65,123.5,111.02,0.0,0,-0.054190089003315844,0.09414777923467572,-1,1
393,2023-05-11,2023-05-11 23:59:59.999,BCH,1d,115.65,113.24,115.66,109.69,0.0,0,-0.021058928433749374,-0.054190089003315844,-1,-1
394,2023-05-12,2023-05-12 23:59:59.999,BCH,1d,113.24,114.73,115.49,111.97,0.0,0,0.013072081567352921,-0.021058928433749374,1,-1
395,2023-05-13,2023-05-13 23:59:59.999,BCH,1d,114.73,112.84,114.85,112.39,0.0,0,-0.01661065567725612,0.013072081567352921,-1,1
396,2023-05-14,2023-05-14 23:59:59.999,BCH,1d,112.84,115.11,116.0,112.77,0.0,0,0.01991730679317521,-0.01661065567725612,1,-1
397,2023-05-15,2023-05-15 23:59:59.999,BCH,1d,115.1,115.97,120.73,114.2,0.0,0,0.007443344041641255,0.01991730679317521,1,1
398,2023-05-16,2023-05-16 23:59:59.999,BCH,1d,115.98,116.66,117.55,113.83,0.0,0,0.00593218435687955,0.007443344041641255,1,1
399,2023-05-17,2023-05-17 23:59:59.999,BCH,1d,116.66,117.87,118.85,115.16,0.0,0,0.010318600912986699,0.00593218435687955,1,1
400,2023-05-18,2023-05-18 23:59:59.999,BCH,1d,117.87,115.21,117.99,112.68,0.0,0,-0.022825772188516034,0.010318600912986699,-1,1
401,2023-05-19,2023-05-19 23:59:59.999,BCH,1d,115.21,115.49,116.13,114.38,0.0,0,0.002427396077034012,-0.022825772188516034,1,-1
402,2023-05-20,2023-05-20 23:59:59.999,BCH,1d,115.49,116.52,116.95,114.46,0.0,0,0.00887898596423775,0.002427396077034012,1,1
403,2023-05-21,2023-05-21 23:59:59.999,BCH,1d,116.52,114.61,117.09,113.7,0.0,0,-0.01652787158262604,0.00887898596423775,-1,1
404,2023-05-22,2023-05-22 23:59:59.999,BCH,1d,114.6,114.62,115.2,112.84,0.0,0,8.724861498363066e-05,-0.01652787158262604,1,-1
405,2023-05-23,2023-05-23 23:59:59.999,BCH,1d,114.63,115.61,117.34,114.6,0.0,0,0.008600148563638806,8.724861498363066e-05,1,1
406,2023-05-24,2023-05-24 23:59:59.999,BCH,1d,115.61,111.95,115.7,110.34,0.0,0,-0.03217011464246639,0.008600148563638806,-1,1
407,2023-05-25,2023-05-25 23:59:59.999,BCH,1d,111.94,111.82,112.28,109.0,0.0,0,-0.001161907446264694,-0.03217011464246639,-1,-1
408,2023-05-26,2023-05-26 23:59:59.999,BCH,1d,111.82,113.12,113.76,111.34,0.0,0,0.011558766549763535,-0.001161907446264694,1,-1
409,2023-05-27,2023-05-27 23:59:59.999,BCH,1d,113.12,113.65,114.0,111.91,0.0,0,0.00467434815028952,0.011558766549763535,1,1
410,2023-05-28,2023-05-28 23:59:59.999,BCH,1d,113.66,116.4,116.85,113.59,0.0,0,0.02390898499878519,0.00467434815028952,1,1
411,2023-05-29,2023-05-29 23:59:59.999,BCH,1d,116.4,114.85,117.24,114.67,0.0,0,-0.013405606162230256,0.02390898499878519,-1,1
412,2023-05-30,2023-05-30 23:59:59.999,BCH,1d,114.85,113.87,115.67,113.81,0.0,0,-0.008569482312593545,-0.013405606162230256,-1,-1
413,2023-05-31,2023-05-31 23:59:59.999,BCH,1d,113.87,113.2,114.31,111.9,0.0,0,-0.005901281053431043,-0.008569482312593545,-1,-1
414,2023-06-01,2023-06-01 23:59:59.999,BCH,1d,113.19,113.27,113.62,111.4,0.0,0,0.0006181834435397036,-0.005901281053431043,1,-1
415,2023-06-02,2023-06-02 23:59:59.999,BCH,1d,113.26,114.8,115.38,112.71,0.0,0,0.013417134672843773,0.0006181834435397036,1,1
416,2023-06-03,2023-06-03 23:59:59.999,BCH,1d,114.8,114.91,115.24,114.12,0.0,0,0.0009577293840762607,0.013417134672843773,1,1
417,2023-06-04,2023-06-04 23:59:59.999,BCH,1d,114.92,115.6,116.93,114.14,0.0,0,0.005986742968734703,0.0009577293840762607,1,1
418,2023-06-05,2023-06-05 23:59:59.999,BCH,1d,115.6,108.56,115.67,106.48,0.0,0,-0.06283294071166333,0.005986742968734703,-1,1
419,2023-06-06,2023-06-06 23:59:59.999,BCH,1d,108.57,114.7,114.77,107.38,0.0,0,0.055017008608711275,-0.06283294071166333,1,-1
420,2023-06-07,2023-06-07 23:59:59.999,BCH,1d,114.69,111.09,116.69,109.91,0.0,0,-0.031979340541694,0.055017008608711275,-1,1
421,2023-06-08,2023-06-08 23:59:59.999,BCH,1d,111.09,111.71,112.4,110.11,0.0,0,0.005565543989125809,-0.031979340541694,1,-1
422,2023-06-09,2023-06-09 23:59:59.999,BCH,1d,111.7,110.75,111.98,109.52,0.0,0,-0.008630818657511868,0.005565543989125809,-1,1
423,2023-06-10,2023-06-10 23:59:59.999,BCH,1d,110.74,103.38,110.94,89.68,0.0,0,-0.0688638891573518,-0.008630818657511868,-1,-1
424,2023-06-11,2023-06-11 23:59:59.999,BCH,1d,103.39,102.71,103.54,101.43,0.0,0,-0.0065020365901803275,-0.0688638891573518,-1,-1
425,2023-06-12,2023-06-12 23:59:59.999,BCH,1d,102.72,102.71,104.23,100.27,0.0,0,0.0,-0.0065020365901803275,-1,-1
426,2023-06-13,2023-06-13 23:59:59.999,BCH,1d,102.71,105.36,106.78,102.05,0.0,0,0.025473574257312576,0.0,1,-1
427,2023-06-14,2023-06-14 23:59:59.999,BCH,1d,105.36,101.73,106.3,100.45,0.0,0,-0.035060812629368616,0.025473574257312576,-1,1
428,2023-06-15,2023-06-15 23:59:59.999,BCH,1d,101.73,104.77,105.13,101.6,0.0,0,0.02944522655921655,-0.035060812629368616,1,-1
429,2023-06-16,2023-06-16 23:59:59.999,BCH,1d,104.77,108.05,109.4,102.51,0.0,0,0.03082661158802141,0.02944522655921655,1,1
430,2023-06-17,2023-06-17 23:59:59.999,BCH,1d,108.05,106.63,108.6,106.05,0.0,0,-0.0132291849228068,0.03082661158802141,-1,1
431,2023-06-18,2023-06-18 23:59:59.999,BCH,1d,106.62,106.91,108.68,105.45,0.0,0,0.0026224609953204195,-0.0132291849228068,1,-1
432,2023-06-19,2023-06-19 23:59:59.999,BCH,1d,106.92,106.76,107.26,104.64,0.0,0,-0.0014040344890850266,0.0026224609953204195,-1,1
433,2023-06-20,2023-06-20 23:59:59.999,BCH,1d,106.76,109.97,110.59,105.06,0.0,0,0.029624276786519587,-0.0014040344890850266,1,-1
434,2023-06-21,2023-06-21 23:59:59.999,BCH,1d,109.96,135.6,140.35,109.57,0.0,0,0.20950177418345198,0.029624276786519587,1,1
435,2023-06-22,2023-06-22 23:59:59.999,BCH,1d,135.6,133.37,149.29,127.9,0.0,0,-0.016582154871991925,0.20950177418345198,-1,1
436,2023-06-23,2023-06-23 23:59:59.999,BCH,1d,133.38,182.01,193.3,133.32,0.0,0,0.3109344099880129,-0.016582154871991925,1,-1
437,2023-06-24,2023-06-24 23:59:59.999,BCH,1d,182.02,212.36,221.57,178.89,0.0,0,0.15422131709315468,0.3109344099880129,1,1
438,2023-06-25,2023-06-25 23:59:59.999,BCH,1d,212.37,193.94,219.8,185.33,0.0,0,-0.09073411483907064,0.15422131709315468,-1,1
439,2023-06-26,2023-06-26 23:59:59.999,BCH,1d,193.95,223.58,236.34,187.06,0.0,0,0.1422204589657795,-0.09073411483907064,1,-1
440,2023-06-27,2023-06-27 23:59:59.999,BCH,1d,223.57,229.85,238.0,215.41,0.0,0,0.027657630410057237,0.1422204589657795,1,1
441,2023-06-28,2023-06-28 23:59:59.999,BCH,1d,229.85,224.82,245.0,219.22,0.0,0,-0.022126840218585953,0.027657630410057237,-1,1
442,2023-06-29,2023-06-29 23:59:59.999,BCH,1d,224.81,252.89,256.69,223.47,0.0,0,0.11765452953980968,-0.022126840218585953,1,-1
443,2023-06-30,2023-06-30 23:59:59.999,BCH,1d,273.87,303.92,328.17,272.56,1455.581,4097,0.18380989730590952,0.11765452953980968,1,1
444,2023-07-01,2023-07-01 23:59:59.999,BCH,1d,304.13,291.09,309.56,280.31,1277.181,2930,-0.043132011174052486,0.18380989730590952,-1,1
445,2023-07-02,2023-07-02 23:59:59.999,BCH,1d,291.14,298.79,306.88,268.4,1577.435,2824,0.026108487791163454,-0.043132011174052486,1,-1
446,2023-07-03,2023-07-03 23:59:59.999,BCH,1d,299.03,291.44,301.51,280.56,1636.857,2735,-0.02490683279617281,0.026108487791163454,-1,1
447,2023-07-04,2023-07-04 23:59:59.999,BCH,1d,292.19,271.91,292.65,271.24,1929.836,2610,-0.06936302351089615,-0.02490683279617281,-1,-1
448,2023-07-05,2023-07-05 23:59:59.999,BCH,1d,271.83,270.84,277.94,249.22,3696.84,3269,-0.003942888571967649,-0.06936302351089615,-1,-1
449,2023-07-06,2023-07-06 23:59:59.999,BCH,1d,271.63,274.45,303.0,268.17,3870.701,3377,0.013240854378453721,-0.003942888571967649,1,-1
450,2023-07-07,2023-07-07 23:59:59.999,BCH,1d,274.94,278.11,288.86,271.86,2249.091,2894,0.013247623885922788,0.013240854378453721,1,1
451,2023-07-08,2023-07-08 23:59:59.999,BCH,1d,278.18,271.61,282.79,261.49,2716.404,2736,-0.023649505023825214,0.013247623885922788,-1,1
452,2023-07-09,2023-07-09 23:59:59.999,BCH,1d,271.41,265.55,277.97,262.66,2474.081,2832,-0.022564066989587482,-0.023649505023825214,-1,-1
453,2023-07-10,2023-07-10 23:59:59.999,BCH,1d,265.42,274.42,286.72,259.75,4402.339,3030,0.032856632624621,-0.022564066989587482,1,-1
454,2023-07-11,2023-07-11 23:59:59.999,BCH,1d,274.58,273.66,277.53,270.03,2034.518,2694,-0.002773319541365041,0.032856632624621,-1,1
455,2023-07-12,2023-07-12 23:59:59.999,BCH,1d,273.68,282.19,293.44,272.45,3042.697,2476,0.030694142978093003,-0.002773319541365041,1,-1
456,2023-07-13,2023-07-13 23:59:59.999,BCH,1d,282.24,273.7,291.86,268.39,1589.669,2605,-0.030547986883123834,0.030694142978093003,-1,1
457,2023-07-14,2023-07-14 23:59:59.999,BCH,1d,273.54,263.98,277.79,255.45,2532.088,2845,-0.036159273345824736,-0.030547986883123834,-1,-1
458,2023-07-15,2023-07-15 23:59:59.999,BCH,1d,263.84,253.1,263.84,246.32,1418.693,2699,-0.04208867514973027,-0.036159273345824736,-1,-1
459,2023-07-16,2023-07-16 23:59:59.999,BCH,1d,252.95,249.57,260.83,248.51,1089.884,2545,-0.014045230587172273,-0.04208867514973027,-1,-1
460,2023-07-17,2023-07-17 23:59:59.999,BCH,1d,249.57,241.92,254.18,235.77,1974.146,2665,-0.031132343972737866,-0.014045230587172273,-1,-1
461,2023-07-18,2023-07-18 23:59:59.999,BCH,1d,242.17,243.63,247.62,231.35,2253.557,2753,0.007043587971260968,-0.031132343972737866,1,-1
462,2023-07-19,2023-07-19 23:59:59.999,BCH,1d,243.45,243.87,251.7,240.94,2094.629,2716,0.0009846154641614314,0.007043587971260968,1,1
463,2023-07-20,2023-07-20 23:59:59.999,BCH,1d,243.88,243.92,254.91,240.39,1701.803,2746,0.00020500625340867323,0.0009846154641614314,1,1
464,2023-07-21,2023-07-21 23:59:59.999,BCH,1d,243.78,246.04,248.05,241.46,1498.551,2590,0.008653821660168244,0.00020500625340867323,1,1
465,2023-07-22,2023-07-22 23:59:59.999,BCH,1d,245.97,239.28,247.62,237.53,1224.746,2595,-0.027859710018474877,0.008653821660168244,-1,1
466,2023-07-23,2023-07-23 23:59:59.999,BCH,1d,239.16,249.25,255.16,238.14,1280.883,2573,0.0408219945202552,-0.027859710018474877,1,-1
467,2023-07-24,2023-07-24 23:59:59.999,BCH,1d,249.23,238.36,253.36,235.75,1814.184,2691,-0.044674272963169503,0.0408219945202552,-1,1
468,2023-07-25,2023-07-25 23:59:59.999,BCH,1d,238.28,237.15,238.97,231.93,1779.276,2635,-0.005089283555187425,-0.044674272963169503,-1,-1
469,2023-07-26,2023-07-26 23:59:59.999,BCH,1d,236.88,241.95,244.48,234.11,1816.456,2715,0.020038240915736864,-0.005089283555187425,1,-1
470,2023-07-27,2023-07-27 23:59:59.999,BCH,1d,242.04,245.19,249.49,240.84,2066.388,2616,0.01330232695682047,0.020038240915736864,1,1
471,2023-07-28,2023-07-28 23:59:59.999,BCH,1d,245.03,241.09,245.22,241.09,1077.566,2505,-0.016863112434939518,0.01330232695682047,-1,1
472,2023-07-29,2023-07-29 23:59:59.999,BCH,1d,240.97,241.72,242.43,238.32,948.45,2535,0.0026097237321491924,-0.016863112434939518,1,-1
473,2023-07-30,2023-07-30 23:59:59.999,BCH,1d,241.8,252.76,255.3,240.99,2475.287,2710,0.0446603904118967,0.0026097237321491924,1,1
474,2023-07-31,2023-07-31 23:59:59.999,BCH,1d,252.67,247.82,258.82,247.23,2559.286,2780,-0.01973774571690765,0.0446603904118967,-1,1
475,2023-08-01,2023-08-01 23:59:59.999,BCH,1d,247.65,244.81,248.72,239.0,2034.415,2584,-0.01222027671129835,-0.01973774571690765,-1,-1
476,2023-08-02,2023-08-02 23:59:59.999,BCH,1d,244.88,228.97,245.97,221.6,2260.925,2669,-0.06689140887144261,-0.01222027671129835,-1,-1
477,2023-08-03,2023-08-03 23:59:59.999,BCH,1d,228.93,225.35,231.41,224.18,1562.163,2610,-0.015936241468948557,-0.06689140887144261,-1,-1
478,2023-08-04,2023-08-04 23:59:59.999,BCH,1d,225.42,227.49,229.86,221.34,1359.008,2554,0.00945153224429655,-0.015936241468948557,1,-1
479,2023-08-05,2023-08-05 23:59:59.999,BCH,1d,227.66,226.71,228.8,223.22,1025.34,2562,-0.0034346136802156347,0.00945153224429655,-1,1
480,2023-08-06,2023-08-06 23:59:59.999,BCH,1d,226.54,222.89,228.49,221.51,1167.499,2567,-0.016993291482636712,-0.0034346136802156347,-1,-1
481,2023-08-07,2023-08-07 23:59:59.999,BCH,1d,222.99,237.49,243.05,217.81,2935.665,2820,0.06344714110698496,-0.016993291482636712,1,-1
482,2023-08-08,2023-08-08 23:59:59.999,BCH,1d,237.47,238.33,248.51,234.82,2337.373,2638,0.0035307505890202094,0.06344714110698496,1,1
483,2023-08-09,2023-08-09 23:59:59.999,BCH,1d,238.5,238.63,239.47,233.84,2043.345,2686,0.0012579672910182135,0.0035307505890202094,1,1
484,2023-08-10,2023-08-10 23:59:59.999,BCH,1d,238.79,231.9,240.12,230.5,1450.13,2657,-0.028607990943639007,0.0012579672910182135,-1,1
485,2023-08-11,2023-08-11 23:59:59.999,BCH,1d,231.72,228.85,232.91,227.18,1165.275,2547,-0.013239477161834979,-0.028607990943639007,-1,-1
486,2023-08-12,2023-08-12 23:59:59.999,BCH,1d,228.93,228.46,230.87,227.24,914.438,2554,-0.0017056267938499973,-0.013239477161834979,-1,-1
487,2023-08-13,2023-08-13 23:59:59.999,BCH,1d,228.49,228.37,230.88,225.67,1142.499,2545,-0.00039401966230059534,-0.0017056267938499973,-1,-1
488,2023-08-14,2023-08-14 23:59:59.999,BCH,1d,228.28,229.87,230.96,225.34,1303.188,2624,0.0065468110928250944,-0.00039401966230059534,1,-1
489,2023-08-15,2023-08-15 23:59:59.999,BCH,1d,229.83,228.86,236.93,225.12,2264.994,2696,-0.004403468846756917,0.0065468110928250944,-1,1
490,2023-08-16,2023-08-16 23:59:59.999,BCH,1d,228.78,208.01,231.08,201.09,3476.034,2836,-0.09552430742083207,-0.004403468846756917,-1,-1
491,2023-08-17,2023-08-17 23:59:59.999,BCH,1d,208.17,183.75,210.98,163.95,4412.257,3026,-0.12401001737579061,-0.09552430742083207,-1,-1
492,2023-08-18,2023-08-18 23:59:59.999,BCH,1d,183.52,187.22,189.44,178.53,5085.124,2890,0.018708257850652627,-0.12401001737579061,1,-1
493,2023-08-19,2023-08-19 23:59:59.999,BCH,1d,187.13,186.95,191.47,184.95,1972.162,2627,-0.0014431945204759352,0.018708257850652627,-1,1
494,2023-08-20,2023-08-20 23:59:59.999,BCH,1d,187.04,188.57,190.45,186.52,2040.617,2461,0.008628089315708538,-0.0014431945204759352,1,-1
495,2023-08-21,2023-08-21 23:59:59.999,BCH,1d,188.72,185.66,193.5,181.05,2616.31,2354,-0.015552246767044722,0.008628089315708538,-1,1
496,2023-08-22,2023-08-22 23:59:59.999,BCH,1d,185.72,184.82,187.64,179.21,1388.236,2369,-0.00453466551189216,-0.015552246767044722,-1,-1
497,2023-08-23,2023-08-23 23:59:59.999,BCH,1d,184.84,193.56,196.04,184.61,1692.576,2306,0.04620516346522341,-0.00453466551189216,1,-1
498,2023-08-24,2023-08-24 23:59:59.999,BCH,1d,193.59,193.89,194.79,188.65,1200.378,2438,0.0017034460177959199,0.04620516346522341,1,1
499,2023-08-25,2023-08-25 23:59:59.999,BCH,1d,193.72,191.9,193.98,188.27,1432.476,2406,-0.010316584929259407,0.0017034460177959199,-1,1
500,2023-08-26,2023-08-26 23:59:59.999,BCH,1d,191.91,190.04,192.2,188.8,721.495,2247,-0.009739826694933689,-0.010316584929259407,-1,-1
501,2023-08-27,2023-08-27 23:59:59.999,BCH,1d,189.9,197.64,200.96,189.85,438.647,2072,0.03921261765882856,-0.009739826694933689,1,-1
502,2023-08-28,2023-08-28 23:59:59.999,BCH,1d,197.64,190.41,197.78,187.75,796.055,2009,-0.03726755199106079,0.03921261765882856,-1,1
503,2023-08-29,2023-08-29 23:59:59.999,BCH,1d,190.35,224.95,227.65,188.79,1953.997,1927,0.16669851330069282,-0.03726755199106079,1,-1
504,2023-08-30,2023-08-30 23:59:59.999,BCH,1d,224.64,215.83,225.08,211.95,1066.42,1981,-0.04138709451630212,0.16669851330069282,-1,1
505,2023-08-31,2023-08-31 23:59:59.999,BCH,1d,215.52,207.31,222.34,203.32,1294.164,1971,-0.040275803225858074,-0.04138709451630212,-1,-1
506,2023-09-01,2023-09-01 23:59:59.999,BCH,1d,207.45,199.46,210.75,197.76,1197.885,1959,-0.03860154257129916,-0.040275803225858074,-1,-1
507,2023-09-02,2023-09-02 23:59:59.999,BCH,1d,199.26,194.94,201.29,190.9,754.744,1930,-0.02292189606465797,-0.03860154257129916,-1,-1
508,2023-09-03,2023-09-03 23:59:59.999,BCH,1d,194.82,195.97,198.01,191.25,463.938,2042,0.005269767381898833,-0.02292189606465797,1,-1
509,2023-09-04,2023-09-04 23:59:59.999,BCH,1d,196.01,193.77,198.83,190.03,799.61,2069,-0.01128969757847166,0.005269767381898833,-1,1
510,2023-09-05,2023-09-05 23:59:59.999,BCH,1d,193.76,191.99,195.06,189.29,524.863,2056,-0.009228601374426737,-0.01128969757847166,-1,-1
511,2023-09-06,2023-09-06 23:59:59.999,BCH,1d,191.88,193.06,194.8,190.12,714.702,2084,0.005557734082404741,-0.009228601374426737,1,-1
512,2023-09-07,2023-09-07 23:59:59.999,BCH,1d,193.04,193.58,194.44,189.91,487.341,2156,0.0026898423004735883,0.005557734082404741,1,1
513,2023-09-08,2023-09-08 23:59:59.999,BCH,1d,193.52,193.1,196.83,190.51,429.697,2015,-0.002482674286473825,0.0026898423004735883,-1,1
514,2023-09-09,2023-09-09 23:59:59.999,BCH,1d,193.25,193.06,196.33,190.9,310.545,2034,-0.00020716801399967155,-0.002482674286473825,-1,-1
515,2023-09-10,2023-09-10 23:59:59.999,BCH,1d,192.97,190.24,193.05,184.19,640.093,1970,-0.014714588477997299,-0.00020716801399967155,-1,-1
516,2023-09-11,2023-09-11 23:59:59.999,BCH,1d,190.4,184.03,191.45,180.46,1459.759,2018,-0.03318764514536863,-0.014714588477997299,-1,-1
517,2023-09-12,2023-09-12 23:59:59.999,BCH,1d,184.37,198.04,209.84,183.94,5043.726,2045,0.07337024269611905,-0.03318764514536863,1,-1
518,2023-09-13,2023-09-13 23:59:59.999,BCH,1d,198.33,199.41,203.59,195.76,5946.342,2015,0.006893976228377891,0.07337024269611905,1,1
519,2023-09-14,2023-09-14 23:59:59.999,BCH,1d,199.33,207.8,210.56,198.68,1914.068,2148,0.04121307194352682,0.006893976228377891,1,1
520,2023-09-15,2023-09-15 23:59:59.999,BCH,1d,207.97,217.02,219.87,206.46,1106.523,2005,0.04341343652693461,0.04121307194352682,1,1
521,2023-09-16,2023-09-16 23:59:59.999,BCH,1d,216.59,214.52,223.41,212.71,642.317,1970,-0.01158654107733712,0.04341343652693461,-1,1
522,2023-09-17,2023-09-17 23:59:59.999,BCH,1d,214.66,209.69,214.66,205.46,1014.023,2032,-0.02277272451607023,-0.01158654107733712,-1,-1
523,2023-09-18,2023-09-18 23:59:59.999,BCH,1d,209.86,217.2,224.3,207.77,1787.085,1938,0.03518833846112602,-0.02277272451607023,1,-1
524,2023-09-19,2023-09-19 23:59:59.999,BCH,1d,216.97,218.69,222.02,214.79,449.43,1913,0.006836613840451381,0.03518833846112602,1,1
525,2023-09-20,2023-09-20 23:59:59.999,BCH,1d,218.61,215.27,220.8,211.67,1626.903,2011,-0.015762147693876325,0.006836613840451381,-1,1
526,2023-09-21,2023-09-21 23:59:59.999,BCH,1d,215.35,208.46,215.6,205.74,4479.939,2053,-0.032145877895179184,-0.015762147693876325,-1,-1
527,2023-09-22,2023-09-22 23:59:59.999,BCH,1d,208.29,207.7,209.86,204.66,566.242,1962,-0.003652445429109654,-0.032145877895179184,-1,-1
528,2023-09-23,2023-09-23 23:59:59.999,BCH,1d,208.0,208.04,209.64,206.51,299.458,2047,0.0016356380228050125,-0.003652445429109654,1,-1
529,2023-09-24,2023-09-24 23:59:59.999,BCH,1d,208.03,204.54,209.86,204.0,347.516,2021,-0.016966813527004996,0.0016356380228050125,-1,1
530,2023-09-25,2023-09-25 23:59:59.999,BCH,1d,204.36,210.27,213.31,202.7,678.014,2074,0.027628863802476374,-0.016966813527004996,1,-1
531,2023-09-26,2023-09-26 23:59:59.999,BCH,1d,210.38,214.64,215.61,209.67,441.192,2020,0.020569786937025585,0.027628863802476374,1,1
532,2023-09-27,2023-09-27 23:59:59.999,BCH,1d,214.29,229.13,235.92,213.38,1017.771,1847,0.06532732195388259,0.020569786937025585,1,1
533,2023-09-28,2023-09-28 23:59:59.999,BCH,1d,229.24,238.61,245.37,227.97,868.643,1912,0.04054089186268249,0.06532732195388259,1,1
534,2023-09-29,2023-09-29 23:59:59.999,BCH,1d,238.61,234.92,271.7,229.48,1224.323,1947,-0.015585389279614923,0.04054089186268249,-1,1
535,2023-09-30,2023-09-30 23:59:59.999,BCH,1d,234.86,233.78,238.49,232.07,532.734,2102,-0.0048645284746944685,-0.015585389279614923,-1,-1
536,2023-10-01,2023-10-01 23:59:59.999,BCH,1d,233.61,241.95,244.9,233.03,333.946,1932,0.034350591059703235,-0.0048645284746944685,1,-1
537,2023-10-02,2023-10-02 23:59:59.999,BCH,1d,242.22,246.47,255.23,240.67,1914.123,1958,0.018509188982946886,0.034350591059703235,1,1
538,2023-10-03,2023-10-03 23:59:59.999,BCH,1d,246.15,230.29,251.21,228.23,456.902,1861,-0.06790089796234976,0.018509188982946886,-1,1
539,2023-10-04,2023-10-04 23:59:59.999,BCH,1d,230.23,233.06,233.89,224.23,704.033,1987,0.011956546885192628,-0.06790089796234976,1,-1
540,2023-10-05,2023-10-05 23:59:59.999,BCH,1d,232.89,230.74,234.75,225.39,447.892,1996,-0.010004395645973595,0.011956546885192628,-1,1
541,2023-10-06,2023-10-06 23:59:59.999,BCH,1d,231.0,230.71,233.67,226.03,807.928,2076,-0.00013002492162641496,-0.010004395645973595,-1,-1
542,2023-10-07,2023-10-07 23:59:59.999,BCH,1d,230.89,230.23,236.05,228.42,310.837,2083,-0.0020827013212382775,-0.00013002492162641496,-1,-1
543,2023-10-08,2023-10-08 23:59:59.999,BCH,1d,230.2,227.63,232.92,226.49,423.893,2038,-0.01135730549698164,-0.0020827013212382775,-1,-1
544,2023-10-09,2023-10-09 23:59:59.999,BCH,1d,227.75,218.33,229.02,211.61,550.041,2018,-0.04171382408427197,-0.01135730549698164,-1,-1
545,2023-10-10,2023-10-10 23:59:59.999,BCH,1d,218.39,212.11,220.02,210.47,285.981,1957,-0.028902671643900257,-0.04171382408427197,-1,-1
546,2023-10-11,2023-10-11 23:59:59.999,BCH,1d,212.05,214.09,216.78,208.26,511.087,2009,0.009291479327506097,-0.028902671643900257,1,-1
547,2023-10-12,2023-10-12 23:59:59.999,BCH,1d,213.93,214.0,216.94,208.97,549.653,1989,-0.0004204723367796011,0.009291479327506097,-1,1
548,2023-10-13,2023-10-13 23:59:59.999,BCH,1d,213.92,217.07,218.64,211.78,859.818,2014,0.014243867145819404,-0.0004204723367796011,1,-1
549,2023-10-14,2023-10-14 23:59:59.999,BCH,1d,217.18,214.42,218.03,214.16,1443.365,2105,-0.012283173739577161,0.014243867145819404,-1,1
550,2023-10-15,2023-10-15 23:59:59.999,BCH,1d,214.47,215.07,216.61,212.74,1218.83,2069,0.003026848104796947,-0.012283173739577161,1,-1
551,2023-10-16,2023-10-16 23:59:59.999,BCH,1d,215.09,230.53,247.73,214.96,1490.154,2005,0.06941744927861418,0.003026848104796947,1,1
552,2023-10-17,2023-10-17 23:59:59.999,BCH,1d,230.62,226.29,232.21,224.49,346.757,2022,-0.018563643277855424,0.06941744927861418,-1,1
553,2023-10-18,2023-10-18 23:59:59.999,BCH,1d,226.23,226.58,232.1,224.59,673.478,1935,0.0012807209116933245,-0.018563643277855424,1,-1
554,2023-10-19,2023-10-19 23:59:59.999,BCH,1d,226.76,227.25,234.04,224.97,511.41,1980,0.0029526496122456165,0.0012807209116933245,1,1
555,2023-10-20,2023-10-20 23:59:59.999,BCH,1d,227.19,240.2,248.55,226.05,1112.705,1938,0.05542117658829488,0.0029526496122456165,1,1
556,2023-10-21,2023-10-21 23:59:59.999,BCH,1d,240.34,243.89,246.22,237.62,1172.772,1935,0.01524539432544744,0.05542117658829488,1,1
557,2023-10-22,2023-10-22 23:59:59.999,BCH,1d,243.92,243.41,254.69,237.11,1954.511,1959,-0.0019700396275076143,0.01524539432544744,-1,1
558,2023-10-23,2023-10-23 23:59:59.999,BCH,1d,243.36,261.91,262.54,240.66,4397.524,1784,0.07325366895331908,-0.0019700396275076143,1,-1
559,2023-10-24,2023-10-24 23:59:59.999,BCH,1d,261.92,251.8,269.21,247.27,3443.498,1979,-0.039365811686895194,0.07325366895331908,-1,1
560,2023-10-25,2023-10-25 23:59:59.999,BCH,1d,251.78,254.11,259.53,248.54,3757.881,1964,0.009132122526309357,-0.039365811686895194,1,-1
561,2023-10-26,2023-10-26 23:59:59.999,BCH,1d,254.15,247.3,256.39,241.54,2567.677,1937,-0.02716506960918561,0.009132122526309357,-1,1
562,2023-10-27,2023-10-27 23:59:59.999,BCH,1d,247.17,239.15,247.23,234.5,1803.388,1985,-0.03351120440106467,-0.02716506960918561,-1,-1
563,2023-10-28,2023-10-28 23:59:59.999,BCH,1d,239.21,244.75,247.6,238.86,578.321,1979,0.023146311284313895,-0.03351120440106467,1,-1
564,2023-10-29,2023-10-29 23:59:59.999,BCH,1d,244.93,245.93,249.34,242.43,461.439,1948,0.00480966118337181,0.023146311284313895,1,1
565,2023-10-30,2023-10-30 23:59:59.999,BCH,1d,245.91,245.76,250.82,241.5,855.521,1986,-0.0006914926346843985,0.00480966118337181,-1,1
566,2023-10-31,2023-10-31 23:59:59.999,BCH,1d,245.97,245.0,248.96,236.75,1200.891,1925,-0.003097239414580324,-0.0006914926346843985,-1,-1
567,2023-11-01,2023-11-01 23:59:59.999,BCH,1d,244.92,245.44,247.23,237.08,1021.215,1850,0.0017943076341642695,-0.003097239414580324,1,-1
568,2023-11-02,2023-11-02 23:59:59.999,BCH,1d,245.63,235.38,248.79,232.48,3245.402,1858,-0.04185128872937515,0.0017943076341642695,-1,1
569,2023-11-03,2023-11-03 23:59:59.999,BCH,1d,235.47,237.29,240.8,231.6,1058.735,1916,0.008081792354149856,-0.04185128872937515,1,-1
570,2023-11-04,2023-11-04 23:59:59.999,BCH,1d,237.35,240.52,240.52,235.81,1039.378,2013,0.013520224367701722,0.008081792354149856,1,1
571,2023-11-05,2023-11-05 23:59:59.999,BCH,1d,240.35,237.66,243.19,234.83,594.523,2007,-0.011962165309487705,0.013520224367701722,-1,1
572,2023-11-06,2023-11-06 23:59:59.999,BCH,1d,237.73,242.88,244.97,235.64,2907.525,2036,0.021726413345384853,-0.011962165309487705,1,-1
573,2023-11-07,2023-11-07 23:59:59.999,BCH,1d,243.14,244.0,251.72,237.9,3538.731,1876,0.004600731085936883,0.021726413345384853,1,1
574,2023-11-08,2023-11-08 23:59:59.999,BCH,1d,243.86,245.42,247.44,241.7,4972.902,1994,0.005802803255199761,0.004600731085936883,1,1
575,2023-11-09,2023-11-09 23:59:59.999,BCH,1d,245.59,239.87,257.85,216.03,11547.495,2036,-0.022873918627462943,0.005802803255199761,-1,1
576,2023-11-10,2023-11-10 23:59:59.999,BCH,1d,240.02,239.77,242.58,233.56,6183.034,1983,-0.0004169794072592695,-0.022873918627462943,-1,-1
577,2023-11-11,2023-11-11 23:59:59.999,BCH,1d,239.7,236.62,241.33,233.07,2129.681,1957,-0.01322465168816268,-0.0004169794072592695,-1,-1
578,2023-11-12,2023-11-12 23:59:59.999,BCH,1d,236.57,236.59,239.4,231.03,3538.424,2032,-0.00012679360131949422,-0.01322465168816268,-1,-1
579,2023-11-13,2023-11-13 23:59:59.999,BCH,1d,236.78,234.0,240.17,232.88,2777.975,2019,-0.011007569866495858,-0.00012679360131949422,-1,-1
580,2023-11-14,2023-11-14 23:59:59.999,BCH,1d,233.92,231.61,238.99,220.55,3636.489,2027,-0.010266192698080708,-0.011007569866495858,-1,-1
581,2023-11-15,2023-11-15 23:59:59.999,BCH,1d,231.88,237.63,237.97,230.18,2100.534,2008,0.025659919484677225,-0.010266192698080708,1,-1
582,2023-11-16,2023-11-16 23:59:59.999,BCH,1d,237.82,233.94,244.66,231.09,2501.606,1950,-0.01565016992173707,0.025659919484677225,-1,1
583,2023-11-17,2023-11-17 23:59:59.999,BCH,1d,233.94,229.57,234.92,221.47,1721.648,1949,-0.01885667833508101,-0.01565016992173707,-1,-1
584,2023-11-18,2023-11-18 23:59:59.999,BCH,1d,229.36,227.31,229.43,221.26,486.167,1951,-0.009893269276088135,-0.01885667833508101,-1,-1
585,2023-11-19,2023-11-19 23:59:59.999,BCH,1d,227.22,230.23,230.87,224.11,256.063,1999,0.012764084644887217,-0.009893269276088135,1,-1
586,2023-11-20,2023-11-20 23:59:59.999,BCH,1d,230.34,226.19,230.44,224.67,1786.467,1940,-0.017703455216388934,0.012764084644887217,-1,1
587,2023-11-21,2023-11-21 23:59:59.999,BCH,1d,226.09,216.16,235.82,213.68,14097.397,2343,-0.04535647982800121,-0.017703455216388934,-1,-1
588,2023-11-22,2023-11-22 23:59:59.999,BCH,1d,216.09,223.77,224.4,215.68,1131.067,1952,0.03459986442329299,-0.04535647982800121,1,-1
589,2023-11-23,2023-11-23 23:59:59.999,BCH,1d,223.56,225.14,227.27,221.88,517.451,2034,0.00610369229147624,0.03459986442329299,1,1
590,2023-11-24,2023-11-24 23:59:59.999,BCH,1d,225.21,226.29,230.04,224.41,363.06,2002,0.005094931606991268,0.00610369229147624,1,1
591,2023-11-25,2023-11-25 23:59:59.999,BCH,1d,226.3,227.59,228.05,225.61,662.504,2099,0.00572840202217315,0.005094931606991268,1,1
592,2023-11-26,2023-11-26 23:59:59.999,BCH,1d,227.57,226.71,229.67,222.39,1620.024,2090,-0.003874096855083988,0.00572840202217315,-1,1
593,2023-11-27,2023-11-27 23:59:59.999,BCH,1d,227.02,223.18,228.99,219.55,690.965,1953,-0.01569304694318307,-0.003874096855083988,-1,-1
594,2023-11-28,2023-11-28 23:59:59.999,BCH,1d,223.21,223.32,224.69,219.46,693.137,2052,0.0006270996846043927,-0.01569304694318307,1,-1
595,2023-11-29,2023-11-29 23:59:59.999,BCH,1d,223.48,223.24,226.86,221.15,1380.47,2050,-0.0003582945219268111,0.0006270996846043927,-1,1
596,2023-11-30,2023-11-30 23:59:59.999,BCH,1d,223.21,221.36,223.5,220.19,1162.433,2105,-0.00845709044156236,-0.0003582945219268111,-1,-1
597,2023-12-01,2023-12-01 23:59:59.999,BCH,1d,221.41,225.23,226.27,220.71,1109.194,2079,0.01733176683461616,-0.00845709044156236,1,-1
598,2023-12-02,2023-12-02 23:59:59.999,BCH,1d,225.24,228.34,228.71,224.89,2592.835,2168,0.013713643934894338,0.01733176683461616,1,1
599,2023-12-03,2023-12-03 23:59:59.999,BCH,1d,228.6,230.24,233.12,224.34,3217.095,2163,0.00828649689087653,0.013713643934894338,1,1
600,2023-12-04,2023-12-04 23:59:59.999,BCH,1d,230.22,252.08,256.45,229.2,12351.144,2306,0.09062425430996157,0.00828649689087653,1,1
601,2023-12-05,2023-12-05 23:59:59.999,BCH,1d,252.41,251.45,253.03,238.58,6802.157,2050,-0.00250233483104554,0.09062425430996157,-1,1
602,2023-12-06,2023-12-06 23:59:59.999,BCH,1d,251.3,244.77,264.58,243.4,7262.234,2132,-0.026925168509155203,-0.00250233483104554,-1,-1
603,2023-12-07,2023-12-07 23:59:59.999,BCH,1d,244.74,247.23,249.24,239.6,7088.997,2141,0.010000083334583179,-0.026925168509155203,1,-1
604,2023-12-08,2023-12-08 23:59:59.999,BCH,1d,247.13,253.94,254.8,246.29,2386.546,2011,0.026778941198243433,0.010000083334583179,1,1
605,2023-12-09,2023-12-09 23:59:59.999,BCH,1d,253.84,253.07,263.13,250.9,12663.384,2378,-0.0034318883410367125,0.026778941198243433,-1,1
606,2023-12-10,2023-12-10 23:59:59.999,BCH,1d,253.04,251.53,255.58,245.0,2115.343,2075,-0.006103863580385816,-0.0034318883410367125,-1,-1
607,2023-12-11,2023-12-11 23:59:59.999,BCH,1d,251.46,230.43,251.88,225.32,37296.823,3255,-0.0876151380415225,-0.006103863580385816,-1,-1
608,2023-12-12,2023-12-12 23:59:59.999,BCH,1d,230.54,231.94,234.95,227.05,3540.937,1949,0.006531588849856823,-0.0876151380415225,1,-1
609,2023-12-13,2023-12-13 23:59:59.999,BCH,1d,231.83,235.13,236.93,223.28,6334.424,2063,0.01365983515095748,0.006531588849856823,1,1
610,2023-12-14,2023-12-14 23:59:59.999,BCH,1d,235.28,237.47,237.96,229.64,8852.61,2336,0.009902747027196356,0.01365983515095748,1,1
611,2023-12-15,2023-12-15 23:59:59.999,BCH,1d,237.46,227.0,237.46,225.32,1457.523,2100,-0.04509128222530829,0.009902747027196356,-1,1
612,2023-12-16,2023-12-16 23:59:59.999,BCH,1d,227.13,229.87,232.2,224.99,357.737,1995,0.01256391425492305,-0.04509128222530829,1,-1
613,2023-12-17,2023-12-17 23:59:59.999,BCH,1d,229.75,225.89,230.72,225.08,1501.607,2012,-0.017465776617142013,0.01256391425492305,-1,1
614,2023-12-18,2023-12-18 23:59:59.999,BCH,1d,226.14,228.12,228.23,217.16,6418.699,2180,0.00982365116915452,-0.017465776617142013,1,-1
615,2023-12-19,2023-12-19 23:59:59.999,BCH,1d,228.2,225.17,230.87,222.89,1017.597,2058,-0.013016133816769509,0.00982365116915452,-1,1
616,2023-12-20,2023-12-20 23:59:59.999,BCH,1d,225.23,229.69,234.85,223.84,2799.324,2175,0.019874901230094406,-0.013016133816769509,1,-1
617,2023-12-21,2023-12-21 23:59:59.999,BCH,1d,229.71,233.27,234.58,228.76,867.512,2045,0.015466007258801507,0.019874901230094406,1,1
618,2023-12-22,2023-12-22 23:59:59.999,BCH,1d,233.28,238.37,244.15,231.6,2135.736,2106,0.02162750738617346,0.015466007258801507,1,1
619,2023-12-23,2023-12-23 23:59:59.999,BCH,1d,238.42,232.85,238.72,230.28,1862.289,2158,-0.023429618918252033,0.02162750738617346,-1,1
620,2023-12-24,2023-12-24 23:59:59.999,BCH,1d,232.86,228.83,233.99,225.9,2193.255,2113,-0.01741509963695364,-0.023429618918252033,-1,-1
621,2023-12-25,2023-12-25 23:59:59.999,BCH,1d,229.19,234.94,237.51,228.06,1216.567,2041,0.026350792604307255,-0.01741509963695364,1,-1
622,2023-12-26,2023-12-26 23:59:59.999,BCH,1d,235.03,229.34,235.12,220.46,5673.813,2311,-0.024124543785581522,0.026350792604307255,-1,1
623,2023-12-27,2023-12-27 23:59:59.999,BCH,1d,229.3,264.74,265.12,226.66,7114.433,2365,0.1435425936754665,-0.024124543785581522,1,-1
624,2023-12-28,2023-12-28 23:59:59.999,BCH,1d,264.33,262.61,278.63,257.82,7632.286,2405,-0.008078170410831484,0.1435425936754665,-1,1
625,2023-12-29,2023-12-29 23:59:59.999,BCH,1d,261.81,254.38,269.54,249.55,5084.059,2334,-0.03184082985145488,-0.008078170410831484,-1,-1
626,2023-12-30,2023-12-30 23:59:59.999,BCH,1d,254.07,270.71,287.72,254.04,5458.639,2437,0.06221892517799663,-0.03184082985145488,1,-1
627,2023-12-31,2023-12-31 23:59:59.999,BCH,1d,270.78,259.79,272.3,252.34,3773.36,2218,-0.04117452485267513,0.06221892517799663,-1,1
628,2024-01-01,2024-01-01 23:59:59.999,BCH,1d,259.59,268.05,269.56,256.06,2029.629,1984,0.03129991792488689,-0.04117452485267513,1,-1
629,2024-01-02,2024-01-02 23:59:59.999,BCH,1d,268.01,257.18,271.08,254.7,5609.062,2298,-0.04139730143125381,0.03129991792488689,-1,1
630,2024-01-03,2024-01-03 23:59:59.999,BCH,1d,257.3,233.82,267.65,210.43,16241.017,3341,-0.09522464026362011,-0.04139730143125381,-1,-1
631,2024-01-04,2024-01-04 23:59:59.999,BCH,1d,234.11,239.54,240.12,232.42,4323.357,2153,0.024168828940687847,-0.09522464026362011,1,-1
632,2024-01-05,2024-01-05 23:59:59.999,BCH,1d,239.48,239.16,241.73,229.2,9543.937,2685,-0.001587633506657099,0.024168828940687847,-1,1
633,2024-01-06,2024-01-06 23:59:59.999,BCH,1d,238.98,235.88,243.32,230.91,3763.383,2300,-0.013809582880400236,-0.001587633506657099,-1,-1
634,2024-01-07,2024-01-07 23:59:59.999,BCH,1d,236.14,232.23,239.81,229.64,4254.116,2320,-0.015594941247571641,-0.013809582880400236,-1,-1
635,2024-01-08,2024-01-08 23:59:59.999,BCH,1d,232.19,253.7,255.52,221.19,15982.979,2817,0.08842420672050455,-0.015594941247571641,1,-1
636,2024-01-09,2024-01-09 23:59:59.999,BCH,1d,254.6,244.77,257.37,239.78,11179.488,2774,-0.0358334724964176,0.08842420672050455,-1,1
637,2024-01-10,2024-01-10 23:59:59.999,BCH,1d,244.73,254.34,259.87,233.91,12882.336,2815,0.03835296048378223,-0.0358334724964176,1,-1
638,2024-01-11,2024-01-11 23:59:59.999,BCH,1d,255.16,276.37,289.15,250.56,13961.889,3384,0.08306859305998393,0.03835296048378223,1,1
639,2024-01-12,2024-01-12 23:59:59.999,BCH,1d,276.4,259.62,298.18,251.8,13896.456,3556,-0.06252152418773636,0.08306859305998393,-1,1
640,2024-01-13,2024-01-13 23:59:59.999,BCH,1d,259.24,254.05,262.13,250.88,5110.536,2323,-0.02168792542510748,-0.06252152418773636,-1,-1
641,2024-01-14,2024-01-14 23:59:59.999,BCH,1d,253.94,245.9,258.9,245.18,5999.326,2379,-0.03260614881759403,-0.02168792542510748,-1,-1
642,2024-01-15,2024-01-15 23:59:59.999,BCH,1d,245.87,250.01,257.71,245.22,4454.29,2115,0.016575967840120786,-0.03260614881759403,1,-1
643,2024-01-16,2024-01-16 23:59:59.999,BCH,1d,250.1,251.01,256.15,248.92,3320.268,2275,0.003991861913349094,0.016575967840120786,1,1
644,2024-01-17,2024-01-17 23:59:59.999,BCH,1d,251.03,244.2,251.26,240.92,3673.384,2138,-0.027505217299012674,0.003991861913349094,-1,1
645,2024-01-18,2024-01-18 23:59:59.999,BCH,1d,244.72,237.57,245.05,233.28,5922.411,2322,-0.027525244786173502,-0.027505217299012674,-1,-1
646,2024-01-19,2024-01-19 23:59:59.999,BCH,1d,237.49,236.61,238.17,226.43,6635.745,2484,-0.00404910081242146,-0.027525244786173502,-1,-1
647,2024-01-20,2024-01-20 23:59:59.999,BCH,1d,236.6,238.98,239.82,234.97,2039.987,2287,0.009966650343598454,-0.00404910081242146,1,-1
648,2024-01-21,2024-01-21 23:59:59.999,BCH,1d,238.92,236.88,242.89,236.69,3452.372,2386,-0.00882618262827196,0.009966650343598454,-1,1
649,2024-01-22,2024-01-22 23:59:59.999,BCH,1d,236.84,235.28,242.34,230.66,7977.119,2674,-0.006777389547596273,-0.00882618262827196,-1,-1
650,2024-01-23,2024-01-23 23:59:59.999,BCH,1d,235.38,229.35,237.72,218.94,7880.764,2706,-0.025527073202558575,-0.006777389547596273,-1,-1
651,2024-01-24,2024-01-24 23:59:59.999,BCH,1d,229.39,236.11,238.09,228.28,4660.867,2268,0.029048577085691224,-0.025527073202558575,1,-1
652,2024-01-25,2024-01-25 23:59:59.999,BCH,1d,236.23,236.51,238.05,234.36,4085.818,2289,0.0016926922072991093,0.029048577085691224,1,1
653,2024-01-26,2024-01-26 23:59:59.999,BCH,1d,236.46,241.73,242.79,234.48,1795.2,2101,0.021830910481838092,0.0016926922072991093,1,1
654,2024-01-27,2024-01-27 23:59:59.999,BCH,1d,241.81,243.65,245.05,239.26,2676.514,2249,0.007911368471505803,0.021830910481838092,1,1
655,2024-01-28,2024-01-28 23:59:59.999,BCH,1d,243.72,236.76,245.64,234.8,2060.946,2132,-0.02868579946699101,0.007911368471505803,-1,1
656,2024-01-29,2024-01-29 23:59:59.999,BCH,1d,236.68,241.23,241.86,234.19,5418.744,2222,0.018703865405643148,-0.02868579946699101,1,-1
657,2024-01-30,2024-01-30 23:59:59.999,BCH,1d,241.23,237.42,243.73,236.33,3212.896,2265,-0.015920110602779446,0.018703865405643148,-1,1
658,2024-01-31,2024-01-31 23:59:59.999,BCH,1d,237.4,234.14,238.78,232.34,6237.339,2690,-0.013911497573861552,-0.015920110602779446,-1,-1
659,2024-02-01,2024-02-01 23:59:59.999,BCH,1d,234.14,236.53,237.14,230.4,4174.767,2451,0.01015582272998558,-0.013911497573861552,1,-1
660,2024-02-02,2024-02-02 23:59:59.999,BCH,1d,236.53,236.25,237.84,234.37,2575.347,2392,-0.0011844834076597268,0.01015582272998558,-1,1
661,2024-02-03,2024-02-03 23:59:59.999,BCH,1d,236.2,240.79,241.84,236.03,4007.034,2814,0.019034617959290005,-0.0011844834076597268,1,-1
662,2024-02-04,2024-02-04 23:59:59.999,BCH,1d,240.73,234.99,243.97,232.82,4476.593,3115,-0.024382224285885195,0.019034617959290005,-1,1
663,2024-02-05,2024-02-05 23:59:59.999,BCH,1d,235.04,235.56,237.84,233.9,3531.973,2534,0.0024226980291132,-0.024382224285885195,1,-1
664,2024-02-06,2024-02-06 23:59:59.999,BCH,1d,235.56,235.08,238.16,234.53,9247.075,2809,-0.0020397763319203225,0.0024226980291132,-1,1
665,2024-02-07,2024-02-07 23:59:59.999,BCH,1d,235.11,240.57,240.93,234.46,4314.956,2434,0.0230852257425973,-0.0020397763319203225,1,-1
666,2024-02-08,2024-02-08 23:59:59.999,BCH,1d,240.58,244.51,244.94,240.3,8702.838,2585,0.016245100387006793,0.0230852257425973,1,1
667,2024-02-09,2024-02-09 23:59:59.999,BCH,1d,244.52,250.18,253.53,244.52,5187.433,2399,0.02292445091254154,0.016245100387006793,1,1
668,2024-02-10,2024-02-10 23:59:59.999,BCH,1d,250.33,247.77,251.61,243.18,3250.496,2287,-0.009679762295859998,0.02292445091254154,-1,1
669,2024-02-11,2024-02-11 23:59:59.999,BCH,1d,247.75,277.63,283.67,246.64,19645.048,4480,0.11378839546712781,-0.009679762295859998,1,-1
670,2024-02-12,2024-02-12 23:59:59.999,BCH,1d,277.73,280.66,291.13,267.19,18008.999,4793,0.010854680365126728,0.11378839546712781,1,1
671,2024-02-13,2024-02-13 23:59:59.999,BCH,1d,280.65,270.51,287.48,266.9,8976.758,3730,-0.036834906143064804,0.010854680365126728,-1,1
672,2024-02-14,2024-02-14 23:59:59.999,BCH,1d,270.48,280.84,294.35,264.62,11744.681,3776,0.03747604596912294,-0.036834906143064804,1,-1
673,2024-02-15,2024-02-15 23:59:59.999,BCH,1d,280.83,270.57,282.62,266.4,11907.572,3431,-0.03725426730332156,0.03747604596912294,-1,1
674,2024-02-16,2024-02-16 23:59:59.999,BCH,1d,270.5,274.26,275.25,265.52,12787.898,3537,0.013545716725981516,-0.03725426730332156,1,-1
675,2024-02-17,2024-02-17 23:59:59.999,BCH,1d,274.35,267.25,274.38,258.61,6073.844,2760,-0.025892011666553316,0.013545716725981516,-1,1
676,2024-02-18,2024-02-18 23:59:59.999,BCH,1d,267.22,270.6,271.97,264.94,2311.99,2483,0.01245716583153312,-0.025892011666553316,1,-1
677,2024-02-19,2024-02-19 23:59:59.999,BCH,1d,270.59,273.27,273.6,267.0,5168.589,2745,0.00981860168814041,0.01245716583153312,1,1
678,2024-02-20,2024-02-20 23:59:59.999,BCH,1d,273.21,265.26,273.87,257.42,13656.308,3402,-0.029749840358621344,0.00981860168814041,-1,1
679,2024-02-21,2024-02-21 23:59:59.999,BCH,1d,265.28,263.14,266.85,255.3,8127.911,3238,-0.00802426712851465,-0.029749840358621344,-1,-1
680,2024-02-22,2024-02-22 23:59:59.999,BCH,1d,263.04,260.34,265.83,259.1,4009.028,2678,-0.01069774089937787,-0.00802426712851465,-1,-1
681,2024-02-23,2024-02-23 23:59:59.999,BCH,1d,260.37,264.85,267.09,259.66,5387.635,2824,0.017175158952221582,-0.01069774089937787,1,-1
682,2024-02-24,2024-02-24 23:59:59.999,BCH,1d,264.85,267.76,270.69,263.04,3674.668,2467,0.010927428912535416,0.017175158952221582,1,1
683,2024-02-25,2024-02-25 23:59:59.999,BCH,1d,267.79,268.1,271.02,265.61,3727.433,2764,0.001268988338842526,0.010927428912535416,1,1
684,2024-02-26,2024-02-26 23:59:59.999,BCH,1d,268.1,275.28,277.23,262.32,6980.568,3002,0.02642871624731118,0.001268988338842526,1,1
685,2024-02-27,2024-02-27 23:59:59.999,BCH,1d,275.12,293.12,314.77,274.78,36739.682,5300,0.0627933199965406,0.02642871624731118,1,1
686,2024-02-28,2024-02-28 23:59:59.999,BCH,1d,293.33,296.9,314.04,278.04,45506.259,5754,0.012813300283948515,0.0627933199965406,1,1
687,2024-02-29,2024-02-29 23:59:59.999,BCH,1d,296.85,298.23,323.78,291.71,10884.922,3058,0.0044696191224494015,0.012813300283948515,1,1
688,2024-03-01,2024-03-01 23:59:59.999,BCH,1d,298.06,316.77,320.13,297.35,14538.14,3136,0.060310957594369136,0.0044696191224494015,1,1
689,2024-03-02,2024-03-02 23:59:59.999,BCH,1d,316.71,502.19,505.06,315.97,70802.174,11668,0.460802575653194,0.060310957594369136,1,1
690,2024-03-03,2024-03-03 23:59:59.999,BCH,1d,501.86,472.16,529.18,456.96,36664.355,7697,-0.06166062294509737,0.460802575653194,-1,1
691,2024-03-04,2024-03-04 23:59:59.999,BCH,1d,471.02,473.78,478.64,436.12,95378.702,10882,0.0034251677353512853,-0.06166062294509737,1,-1
692,2024-03-05,2024-03-05 23:59:59.999,BCH,1d,473.23,401.8,481.45,339.4,30965.375,6682,-0.16478862654914656,0.0034251677353512853,-1,1
693,2024-03-06,2024-03-06 23:59:59.999,BCH,1d,401.62,415.91,421.35,385.03,28252.446,5205,0.03451443832037801,-0.16478862654914656,1,-1
694,2024-03-07,2024-03-07 23:59:59.999,BCH,1d,415.99,432.2,439.31,398.48,20198.948,5284,0.03841955337157347,0.03451443832037801,1,1
695,2024-03-08,2024-03-08 23:59:59.999,BCH,1d,432.33,436.9,446.67,418.64,14645.692,4545,0.010815891884604543,0.03841955337157347,1,1
696,2024-03-09,2024-03-09 23:59:59.999,BCH,1d,437.62,432.58,457.97,425.09,9105.345,2883,-0.009937055592234588,0.010815891884604543,-1,1
697,2024-03-10,2024-03-10 23:59:59.999,BCH,1d,432.35,423.3,445.97,412.03,15036.995,3365,-0.021686132838277476,-0.009937055592234588,-1,-1
698,2024-03-11,2024-03-11 23:59:59.999,BCH,1d,423.11,448.72,456.43,402.36,19816.579,3892,0.058317937673203424,-0.021686132838277476,1,-1
699,2024-03-12,2024-03-12 23:59:59.999,BCH,1d,448.36,434.06,448.63,410.0,15483.695,3770,-0.03321631180724174,0.058317937673203424,-1,1
700,2024-03-13,2024-03-13 23:59:59.999,BCH,1d,434.34,442.68,455.24,424.17,8662.171,2791,0.019664388003744763,-0.03321631180724174,1,-1
701,2024-03-14,2024-03-14 23:59:59.999,BCH,1d,442.62,440.91,473.71,416.23,18351.145,4368,-0.004006388409881687,0.019664388003744763,-1,1
702,2024-03-15,2024-03-15 23:59:59.999,BCH,1d,440.64,416.7,445.0,383.27,27354.986,5440,-0.05647423455829513,-0.004006388409881687,-1,-1
703,2024-03-16,2024-03-16 23:59:59.999,BCH,1d,416.71,388.73,421.11,382.02,17509.568,4660,-0.0694815232037409,-0.05647423455829513,-1,-1
704,2024-03-17,2024-03-17 23:59:59.999,BCH,1d,388.67,402.61,407.59,369.22,18651.399,4243,0.03508333622198146,-0.0694815232037409,1,-1
705,2024-03-18,2024-03-18 23:59:59.999,BCH,1d,402.61,400.44,410.97,383.54,17319.049,4006,-0.00540440889536529,0.03508333622198146,-1,1
706,2024-03-19,2024-03-19 23:59:59.999,BCH,1d,401.22,358.93,410.74,351.02,38627.741,5461,-0.10943655914768319,-0.00540440889536529,-1,-1
707,2024-03-20,2024-03-20 23:59:59.999,BCH,1d,358.55,409.97,412.12,348.13,31539.856,4698,0.13295660288593786,-0.10943655914768319,1,-1
708,2024-03-21,2024-03-21 23:59:59.999,BCH,1d,410.3,414.65,435.44,404.25,18326.352,3990,0.011350804607674935,0.13295660288593786,1,1
709,2024-03-22,2024-03-22 23:59:59.999,BCH,1d,414.13,431.27,433.08,392.25,19678.888,4006,0.039299553184579956,0.011350804607674935,1,1
710,2024-03-23,2024-03-23 23:59:59.999,BCH,1d,432.14,456.69,476.69,420.14,34410.697,6072,0.05727047965747989,0.039299553184579956,1,1
711,2024-03-24,2024-03-24 23:59:59.999,BCH,1d,456.3,485.45,500.89,445.51,26694.782,5217,0.06107147207688139,0.05727047965747989,1,1
712,2024-03-25,2024-03-25 23:59:59.999,BCH,1d,485.79,489.2,508.25,474.09,32431.792,5850,0.007695107996863334,0.06107147207688139,1,1
713,2024-03-26,2024-03-26 23:59:59.999,BCH,1d,489.2,480.3,495.94,469.11,18263.033,5522,-0.018360495142238604,0.007695107996863334,-1,1
714,2024-03-27,2024-03-27 23:59:59.999,BCH,1d,480.2,539.52,554.16,479.03,39129.62,9065,0.11626894670265725,-0.018360495142238604,1,-1
715,2024-03-28,2024-03-28 23:59:59.999,BCH,1d,539.6,568.23,586.87,528.32,24180.593,6259,0.051846410963323916,0.11626894670265725,1,1
716,2024-03-29,2024-03-29 23:59:59.999,BCH,1d,567.96,621.38,639.8,554.12,20847.806,7579,0.08941654471639236,0.051846410963323916,1,1
717,2024-03-30,2024-03-30 23:59:59.999,BCH,1d,620.86,598.41,624.18,592.03,10449.522,4451,-0.03766667330256954,0.08941654471639236,-1,1
718,2024-03-31,2024-03-31 23:59:59.999,BCH,1d,598.25,679.65,693.0,590.45,14671.752,5989,0.12730182203067403,-0.03766667330256954,1,-1
719,2024-04-01,2024-04-01 23:59:59.999,BCH,1d,679.47,648.82,702.3,618.45,10586.951,5904,-0.04642263131460208,0.12730182203067403,-1,1
720,2024-04-02,2024-04-02 23:59:59.999,BCH,1d,648.37,639.64,649.89,589.3,23723.905,8787,-0.014249810375413442,-0.04642263131460208,-1,-1
721,2024-04-03,2024-04-03 23:59:59.999,BCH,1d,639.94,592.73,644.23,562.8,12744.502,6921,-0.07616653475250497,-0.014249810375413442,-1,-1
722,2024-04-04,2024-04-04 23:59:59.999,BCH,1d,592.68,663.98,683.15,591.59,31855.047,12137,0.11351304520213897,-0.07616653475250497,1,-1
723,2024-04-05,2024-04-05 23:59:59.999,BCH,1d,663.97,657.16,719.82,645.85,40126.865,17073,-0.010324508502739324,0.11351304520213897,-1,1
724,2024-04-06,2024-04-06 23:59:59.999,BCH,1d,658.92,693.91,715.96,656.69,14883.368,10684,0.054414749061983354,-0.010324508502739324,1,-1
725,2024-04-07,2024-04-07 23:59:59.999,BCH,1d,693.59,685.15,709.45,674.86,7986.569,5868,-0.012704476707909427,0.054414749061983354,-1,1
726,2024-04-08,2024-04-08 23:59:59.999,BCH,1d,684.72,680.47,712.65,678.51,15523.838,9884,-0.006854056503919037,-0.012704476707909427,-1,-1
727,2024-04-09,2024-04-09 23:59:59.999,BCH,1d,680.54,671.86,694.66,656.17,16047.732,11689,-0.012733750402878143,-0.006854056503919037,-1,-1
728,2024-04-10,2024-04-10 23:59:59.999,BCH,1d,671.52,628.89,673.65,596.21,22722.842,10785,-0.06609362484151204,-0.012733750402878143,-1,-1
729,2024-04-11,2024-04-11 23:59:59.999,BCH,1d,628.8,613.53,628.86,599.49,8432.818,9953,-0.02472719793298755,-0.06609362484151204,-1,-1
730,2024-04-12,2024-04-12 23:59:59.999,BCH,1d,613.51,533.41,618.27,491.66,17870.384,8018,-0.13993880348219154,-0.02472719793298755,-1,-1
731,2024-04-13,2024-04-13 23:59:59.999,BCH,1d,533.33,479.36,551.61,442.39,27950.336,12113,-0.1068384783399217,-0.13993880348219154,-1,-1
732,2024-04-14,2024-04-14 23:59:59.999,BCH,1d,479.3,524.86,528.95,453.79,17123.232,9171,0.09067967947427927,-0.1068384783399217,1,-1
733,2024-04-15,2024-04-15 23:59:59.999,BCH,1d,524.87,507.78,567.09,483.35,18143.282,10602,-0.033083277453009693,0.09067967947427927,-1,1
734,2024-04-16,2024-04-16 23:59:59.999,BCH,1d,507.66,486.13,509.91,463.61,79794.417,10882,-0.0435722050666362,-0.033083277453009693,-1,-1
735,2024-04-17,2024-04-17 23:59:59.999,BCH,1d,486.14,463.44,489.87,446.91,15189.126,8047,-0.04779915105506465,-0.0435722050666362,-1,-1
736,2024-04-18,2024-04-18 23:59:59.999,BCH,1d,463.29,482.53,487.78,453.17,16046.482,23209,0.04036616822361726,-0.04779915105506465,1,-1
737,2024-04-19,2024-04-19 23:59:59.999,BCH,1d,482.5,475.29,491.27,444.48,16113.654,15023,-0.015117950956924803,0.04036616822361726,-1,1
738,2024-04-20,2024-04-20 23:59:59.999,BCH,1d,476.09,514.83,521.67,470.21,10357.953,10742,0.07991160502726033,-0.015117950956924803,1,-1
739,2024-04-21,2024-04-21 23:59:59.999,BCH,1d,514.9,501.93,517.8,493.05,9179.849,7260,-0.02537608134463979,0.07991160502726033,-1,1
740,2024-04-22,2024-04-22 23:59:59.999,BCH,1d,502.14,522.35,527.54,495.99,8147.558,5522,0.039877193545835306,-0.02537608134463979,1,-1
741,2024-04-23,2024-04-23 23:59:59.999,BCH,1d,522.34,504.49,522.68,501.55,5477.937,4834,-0.03478984329185401,0.039877193545835306,-1,1
742,2024-04-24,2024-04-24 23:59:59.999,BCH,1d,504.43,478.95,511.0,473.62,10272.477,6279,-0.0519518101627623,-0.03478984329185401,-1,-1
743,2024-04-25,2024-04-25 23:59:59.999,BCH,1d,478.96,477.93,485.6,467.36,12444.674,35494,-0.0021319295759874702,-0.0519518101627623,-1,-1
744,2024-04-26,2024-04-26 23:59:59.999,BCH,1d,477.69,481.83,492.71,466.81,6383.539,21191,0.008127076490002407,-0.0021319295759874702,1,-1
745,2024-04-27,2024-04-27 23:59:59.999,BCH,1d,482.65,476.59,485.32,465.42,7637.458,4567,-0.01093477225391636,0.008127076490002407,-1,1
746,2024-04-28,2024-04-28 23:59:59.999,BCH,1d,476.9,470.26,487.61,468.0,3969.889,3701,-0.013370849249539145,-0.01093477225391636,-1,-1
747,2024-04-29,2024-04-29 23:59:59.999,BCH,1d,469.91,464.56,473.84,447.21,10050.925,5115,-0.012195012175665572,-0.013370849249539145,-1,-1
748,2024-04-30,2024-04-30 23:59:59.999,BCH,1d,464.72,432.99,469.69,420.54,16836.629,6595,-0.07037608801621263,-0.012195012175665572,-1,-1
749,2024-05-01,2024-05-01 23:59:59.999,BCH,1d,433.55,424.25,435.63,399.47,19640.686,5754,-0.020391728933246037,-0.07037608801621263,-1,-1
750,2024-05-02,2024-05-02 23:59:59.999,BCH,1d,424.49,428.86,434.0,410.69,6216.557,3246,0.010807621226748968,-0.020391728933246037,1,-1
751,2024-05-03,2024-05-03 23:59:59.999,BCH,1d,428.75,452.22,457.72,425.78,6512.969,3387,0.05303826174234881,0.010807621226748968,1,1
752,2024-05-04,2024-05-04 23:59:59.999,BCH,1d,451.65,462.74,479.0,451.65,5921.348,3186,0.022996554196102574,0.05303826174234881,1,1
753,2024-05-05,2024-05-05 23:59:59.999,BCH,1d,462.83,468.47,472.08,455.65,5253.386,2937,0.012306724197119567,0.022996554196102574,1,1
754,2024-05-06,2024-05-06 23:59:59.999,BCH,1d,468.62,472.6,483.66,462.56,5845.976,3336,0.008777299276151937,0.012306724197119567,1,1
755,2024-05-07,2024-05-07 23:59:59.999,BCH,1d,472.94,470.7,493.43,466.26,6372.546,3235,-0.00402841634571089,0.008777299276151937,-1,1
756,2024-05-08,2024-05-08 23:59:59.999,BCH,1d,470.36,447.84,472.51,444.71,6161.086,3609,-0.04978492263995327,-0.00402841634571089,-1,-1
757,2024-05-09,2024-05-09 23:59:59.999,BCH,1d,447.9,454.51,457.5,441.73,3276.092,2716,0.01478388980856534,-0.04978492263995327,1,-1
758,2024-05-10,2024-05-10 23:59:59.999,BCH,1d,454.61,426.1,456.22,421.33,3504.75,3154,-0.06454585506984226,0.01478388980856534,-1,1
759,2024-05-11,2024-05-11 23:59:59.999,BCH,1d,426.29,429.24,434.08,425.16,3378.278,2860,0.007342142553060315,-0.06454585506984226,1,-1
760,2024-05-12,2024-05-12 23:59:59.999,BCH,1d,429.29,432.55,438.0,427.36,1375.578,2288,0.007681723567456575,0.007342142553060315,1,1
761,2024-05-13,2024-05-13 23:59:59.999,BCH,1d,432.67,437.19,447.41,421.4,7689.628,3910,0.010669956587331693,0.007681723567456575,1,1
762,2024-05-14,2024-05-14 23:59:59.999,BCH,1d,437.25,428.6,438.83,425.95,5685.749,3118,-0.019843800174238306,0.010669956587331693,-1,1
763,2024-05-15,2024-05-15 23:59:59.999,BCH,1d,428.75,463.54,466.58,423.66,5856.047,3390,0.07836859813493692,-0.019843800174238306,1,-1
764,2024-05-16,2024-05-16 23:59:59.999,BCH,1d,463.47,444.53,465.59,442.18,3389.527,2435,-0.04187513693435293,0.07836859813493692,-1,1
765,2024-05-17,2024-05-17 23:59:59.999,BCH,1d,444.67,466.31,477.16,442.25,5007.913,2947,0.04783310476566724,-0.04187513693435293,1,-1
766,2024-05-18,2024-05-18 23:59:59.999,BCH,1d,466.39,475.25,491.06,464.47,3968.825,2692,0.018990332362810527,0.04783310476566724,1,1
767,2024-05-19,2024-05-19 23:59:59.999,BCH,1d,475.04,484.62,496.57,473.04,5426.885,2940,0.019524097313721456,0.018990332362810527,1,1
768,2024-05-20,2024-05-20 23:59:59.999,BCH,1d,485.1,517.59,517.78,476.26,9628.939,4316,0.06581834437962232,0.019524097313721456,1,1
769,2024-05-21,2024-05-21 23:59:59.999,BCH,1d,517.48,514.7,529.1,509.19,7464.547,3772,-0.005599216403173331,0.06581834437962232,-1,1
770,2024-05-22,2024-05-22 23:59:59.999,BCH,1d,514.65,498.05,515.23,494.27,6182.271,4258,-0.0328837330675342,-0.005599216403173331,-1,-1
771,2024-05-23,2024-05-23 23:59:59.999,BCH,1d,498.26,490.76,515.1,473.32,11870.242,4631,-0.014745263668192676,-0.0328837330675342,-1,-1
772,2024-05-24,2024-05-24 23:59:59.999,BCH,1d,490.93,494.45,499.68,479.95,4213.269,2879,0.0074908237930176366,-0.014745263668192676,1,-1
773,2024-05-25,2024-05-25 23:59:59.999,BCH,1d,494.45,492.89,500.25,490.27,3359.722,2980,-0.0031600083013645346,0.0074908237930176366,-1,1
774,2024-05-26,2024-05-26 23:59:59.999,BCH,1d,493.02,483.56,493.6,480.9,2011.829,2365,-0.0191106230808442,-0.0031600083013645346,-1,-1
775,2024-05-27,2024-05-27 23:59:59.999,BCH,1d,483.63,489.24,503.21,481.17,3744.66,2588,0.011677764285371157,-0.0191106230808442,1,-1
776,2024-05-28,2024-05-28 23:59:59.999,BCH,1d,489.29,469.32,489.36,460.62,14446.797,4986,-0.04156832806373932,0.011677764285371157,-1,1
777,2024-05-29,2024-05-29 23:59:59.999,BCH,1d,469.83,465.78,474.56,462.82,7881.69,3350,-0.007571418909779156,-0.04156832806373932,-1,-1
778,2024-05-30,2024-05-30 23:59:59.999,BCH,1d,465.61,464.87,475.15,459.52,12909.872,4549,-0.0019556230377082515,-0.007571418909779156,-1,-1
779,2024-05-31,2024-05-31 23:59:59.999,BCH,1d,464.88,454.66,468.9,447.68,6084.282,3165,-0.022207909736735327,-0.0019556230377082515,-1,-1
780,2024-06-01,2024-06-01 23:59:59.999,BCH,1d,454.73,463.33,465.77,454.21,1751.599,2567,0.018889656314944353,-0.022207909736735327,1,-1
781,2024-06-02,2024-06-02 23:59:59.999,BCH,1d,463.27,458.16,464.74,452.91,1133.751,2147,-0.01122107510054282,0.018889656314944353,-1,1
782,2024-06-03,2024-06-03 23:59:59.999,BCH,1d,458.02,464.36,471.15,454.21,4549.107,2765,0.013441645384233076,-0.01122107510054282,1,-1
783,2024-06-04,2024-06-04 23:59:59.999,BCH,1d,464.32,476.48,479.12,459.24,6666.624,3338,0.02576563602580919,0.013441645384233076,1,1
784,2024-06-05,2024-06-05 23:59:59.999,BCH,1d,476.73,494.63,497.21,476.31,7617.112,3612,0.03738425882703497,0.02576563602580919,1,1
785,2024-06-06,2024-06-06 23:59:59.999,BCH,1d,494.82,495.6,501.88,486.34,5371.365,2933,0.001959141432308424,0.03738425882703497,1,1
786,2024-06-07,2024-06-07 23:59:59.999,BCH,1d,495.61,477.67,520.15,461.54,20494.564,6038,-0.036849032252211845,0.001959141432308424,-1,1
787,2024-06-08,2024-06-08 23:59:59.999,BCH,1d,476.33,469.28,484.65,465.17,3513.701,2410,-0.017720512273634807,-0.036849032252211845,-1,-1
788,2024-06-09,2024-06-09 23:59:59.999,BCH,1d,469.31,474.3,475.57,464.88,2003.904,2377,0.010640427654395239,-0.017720512273634807,1,-1
789,2024-06-10,2024-06-10 23:59:59.999,BCH,1d,474.59,469.05,474.73,461.42,1971.357,2422,-0.011130660311576078,0.010640427654395239,-1,1
790,2024-06-11,2024-06-11 23:59:59.999,BCH,1d,469.15,445.79,469.27,433.93,5559.173,3399,-0.05086138345545302,-0.011130660311576078,-1,-1
791,2024-06-12,2024-06-12 23:59:59.999,BCH,1d,445.72,453.91,466.34,438.81,4494.729,3145,0.018050951387651778,-0.05086138345545302,1,-1
792,2024-06-13,2024-06-13 23:59:59.999,BCH,1d,453.96,431.37,455.66,430.36,4365.877,2740,-0.05093274999639938,0.018050951387651778,-1,1
793,2024-06-14,2024-06-14 23:59:59.999,BCH,1d,431.49,422.32,440.72,407.14,7347.146,2878,-0.021202869992398544,-0.05093274999639938,-1,-1
794,2024-06-15,2024-06-15 23:59:59.999,BCH,1d,422.56,429.66,432.26,422.16,1679.838,2343,0.017230877731542603,-0.021202869992398544,1,-1
795,2024-06-16,2024-06-16 23:59:59.999,BCH,1d,429.85,428.0,433.41,426.29,932.256,2230,-0.003871002665106677,0.017230877731542603,-1,1
796,2024-06-17,2024-06-17 23:59:59.999,BCH,1d,428.06,419.45,429.32,403.82,4681.001,2647,-0.02017886628949324,-0.003871002665106677,-1,-1
797,2024-06-18,2024-06-18 23:59:59.999,BCH,1d,419.02,388.99,420.36,372.45,10363.907,3996,-0.07539069294516033,-0.02017886628949324,-1,-1
798,2024-06-19,2024-06-19 23:59:59.999,BCH,1d,389.1,388.66,398.24,385.0,5011.356,2579,-0.0008487109105857673,-0.07539069294516033,-1,-1
799,2024-06-20,2024-06-20 23:59:59.999,BCH,1d,388.52,389.67,400.51,385.03,8553.856,2939,0.0025953016507449683,-0.0008487109105857673,1,-1
800,2024-06-21,2024-06-21 23:59:59.999,BCH,1d,389.7,382.6,396.52,376.96,12956.372,3687,-0.01831017008114975,0.0025953016507449683,-1,1
801,2024-06-22,2024-06-22 23:59:59.999,BCH,1d,382.75,391.62,399.35,379.71,3139.786,2604,0.023301924869028507,-0.01831017008114975,1,-1
802,2024-06-23,2024-06-23 23:59:59.999,BCH,1d,391.6,380.75,396.23,379.51,3319.399,2800,-0.028148990099909912,0.023301924869028507,-1,1
803,2024-06-24,2024-06-24 23:59:59.999,BCH,1d,380.62,363.36,383.82,344.21,22092.898,4749,-0.04674891341802281,-0.028148990099909912,-1,-1
804,2024-06-25,2024-06-25 23:59:59.999,BCH,1d,363.53,387.9,393.77,363.37,11005.407,3590,0.06535349608867298,-0.04674891341802281,1,-1
805,2024-06-26,2024-06-26 23:59:59.999,BCH,1d,388.03,373.72,396.79,373.21,13205.88,4108,-0.03724072052116647,0.06535349608867298,-1,1
806,2024-06-27,2024-06-27 23:59:59.999,BCH,1d,373.61,388.47,392.74,370.16,8960.893,3046,0.03870909282410345,-0.03724072052116647,1,-1
807,2024-06-28,2024-06-28 23:59:59.999,BCH,1d,388.6,385.85,406.29,383.96,12912.277,3705,-0.006767253845246312,0.03870909282410345,-1,1
808,2024-06-29,2024-06-29 23:59:59.999,BCH,1d,385.87,380.55,389.33,378.81,1374.294,2177,-0.01383111819021153,-0.006767253845246312,-1,-1
809,2024-06-30,2024-06-30 23:59:59.999,BCH,1d,380.65,393.66,396.9,378.78,2276.627,2273,0.033870017871440714,-0.01383111819021153,1,-1
810,2024-07-01,2024-07-01 23:59:59.999,BCH,1d,394.13,384.15,398.2,382.37,2360.329,2329,-0.02445449127119729,0.033870017871440714,-1,1
811,2024-07-02,2024-07-02 23:59:59.999,BCH,1d,384.15,381.83,393.44,378.17,2366.086,2640,-0.006057617938617497,-0.02445449127119729,-1,-1
812,2024-07-03,2024-07-03 23:59:59.999,BCH,1d,381.94,372.91,382.47,368.76,8853.572,3125,-0.023638379708840113,-0.006057617938617497,-1,-1
813,2024-07-04,2024-07-04 23:59:59.999,BCH,1d,372.97,331.33,374.23,330.35,8645.377,4558,-0.11822224609050073,-0.023638379708840113,-1,-1
814,2024-07-05,2024-07-05 23:59:59.999,BCH,1d,331.54,325.21,331.72,287.96,20647.61,7642,-0.018643730067307976,-0.11822224609050073,-1,-1
815,2024-07-06,2024-07-06 23:59:59.999,BCH,1d,325.14,342.96,343.4,319.53,6329.742,3058,0.053142694781344056,-0.018643730067307976,1,-1
816,2024-07-07,2024-07-07 23:59:59.999,BCH,1d,342.7,312.05,342.8,310.34,4600.001,2618,-0.09445039090966953,0.053142694781344056,-1,1
817,2024-07-08,2024-07-08 23:59:59.999,BCH,1d,312.82,333.33,336.89,298.56,13748.76,4230,0.06596955888397504,-0.09445039090966953,1,-1
818,2024-07-09,2024-07-09 23:59:59.999,BCH,1d,333.18,331.02,340.23,328.53,9677.974,3786,-0.00695419375163267,0.06596955888397504,-1,1
819,2024-07-10,2024-07-10 23:59:59.999,BCH,1d,331.09,340.22,346.03,327.35,4662.115,4094,0.027413670669042378,-0.00695419375163267,1,-1
820,2024-07-11,2024-07-11 23:59:59.999,BCH,1d,339.76,346.74,367.85,336.01,11055.787,3965,0.018982752376304767,0.027413670669042378,1,1
821,2024-07-12,2024-07-12 23:59:59.999,BCH,1d,346.75,368.43,369.19,340.63,4190.672,2782,0.060675514732660814,0.018982752376304767,1,1
822,2024-07-13,2024-07-13 23:59:59.999,BCH,1d,368.68,375.71,380.05,368.68,8531.171,3428,0.019566834916929433,0.060675514732660814,1,1
823,2024-07-14,2024-07-14 23:59:59.999,BCH,1d,375.42,376.51,387.54,363.68,6237.544,2907,0.0021270381048613127,0.019566834916929433,1,1
824,2024-07-15,2024-07-15 23:59:59.999,BCH,1d,376.34,399.65,400.0,374.86,6451.248,2979,0.05964455675983468,0.0021270381048613127,1,1
825,2024-07-16,2024-07-16 23:59:59.999,BCH,1d,399.76,386.55,404.1,369.88,10580.576,3385,-0.03332793830554416,0.05964455675983468,-1,1
826,2024-07-17,2024-07-17 23:59:59.999,BCH,1d,386.64,374.71,398.3,371.54,4450.512,3056,-0.031108832305880664,-0.03332793830554416,-1,-1
827,2024-07-18,2024-07-18 23:59:59.999,BCH,1d,375.11,382.29,386.04,369.96,3964.828,3637,0.02002708943169434,-0.031108832305880664,1,-1
828,2024-07-19,2024-07-19 23:59:59.999,BCH,1d,382.41,391.31,399.27,369.69,6482.658,3890,0.023320601837033578,0.02002708943169434,1,1
829,2024-07-20,2024-07-20 23:59:59.999,BCH,1d,391.52,395.15,398.51,385.49,2582.922,3963,0.00976535492165309,0.023320601837033578,1,1
830,2024-07-21,2024-07-21 23:59:59.999,BCH,1d,395.12,400.91,400.99,377.98,7502.305,3544,0.014471523562662115,0.00976535492165309,1,1
831,2024-07-22,2024-07-22 23:59:59.999,BCH,1d,400.98,385.79,404.29,383.32,5862.526,3495,-0.03844378324384002,0.014471523562662115,-1,1
832,2024-07-23,2024-07-23 23:59:59.999,BCH,1d,385.83,366.18,392.51,360.7,7269.499,3744,-0.052168164185347775,-0.03844378324384002,-1,-1
833,2024-07-24,2024-07-24 23:59:59.999,BCH,1d,366.33,362.32,374.49,359.19,4285.626,3096,-0.010597216536500196,-0.052168164185347775,-1,-1
834,2024-07-25,2024-07-25 23:59:59.999,BCH,1d,362.77,361.22,364.94,346.79,4870.991,3065,-0.0030406082524409165,-0.010597216536500196,-1,-1
835,2024-07-26,2024-07-26 23:59:59.999,BCH,1d,361.22,377.32,378.36,361.0,2189.898,2313,0.04360644278613497,-0.0030406082524409165,1,-1
836,2024-07-27,2024-07-27 23:59:59.999,BCH,1d,377.13,391.96,398.19,376.69,4478.801,3621,0.0380661599859653,0.04360644278613497,1,1
837,2024-07-28,2024-07-28 23:59:59.999,BCH,1d,392.32,417.11,423.26,388.93,5135.343,3177,0.06219018221381603,0.0380661599859653,1,1
838,2024-07-29,2024-07-29 23:59:59.999,BCH,1d,416.6,439.06,458.71,414.14,11828.609,5217,0.05128610201434303,0.06219018221381603,1,1
839,2024-07-30,2024-07-30 23:59:59.999,BCH,1d,438.94,432.35,446.1,427.91,5461.1,3301,-0.015400632589337455,0.05128610201434303,-1,1
840,2024-07-31,2024-07-31 23:59:59.999,BCH,1d,432.55,414.24,440.95,411.39,3810.721,2811,-0.042789929403211704,-0.015400632589337455,-1,-1
841,2024-08-01,2024-08-01 23:59:59.999,BCH,1d,413.97,412.92,423.25,389.66,7426.58,3252,-0.003191646405838158,-0.042789929403211704,-1,-1
842,2024-08-02,2024-08-02 23:59:59.999,BCH,1d,412.83,381.3,416.82,379.34,7523.432,3842,-0.07966740273387127,-0.003191646405838158,-1,-1
843,2024-08-03,2024-08-03 23:59:59.999,BCH,1d,380.85,363.89,385.64,354.55,6175.127,3839,-0.04673484269993248,-0.07966740273387127,-1,-1
844,2024-08-04,2024-08-04 23:59:59.999,BCH,1d,363.92,331.92,366.76,330.79,11461.23,4351,-0.09195764813897316,-0.04673484269993248,-1,-1
845,2024-08-05,2024-08-05 23:59:59.999,BCH,1d,331.44,309.34,334.95,273.28,47360.433,12316,-0.07045298041461887,-0.09195764813897316,-1,-1
846,2024-08-06,2024-08-06 23:59:59.999,BCH,1d,309.2,314.49,329.45,307.16,12295.722,3886,0.01651128352259731,-0.07045298041461887,1,-1
847,2024-08-07,2024-08-07 23:59:59.999,BCH,1d,314.6,311.53,326.92,308.73,8942.756,3310,-0.00945663735622302,0.01651128352259731,-1,1
848,2024-08-08,2024-08-08 23:59:59.999,BCH,1d,312.17,352.76,371.52,307.98,7232.169,3681,0.124292297243612,-0.00945663735622302,1,-1
849,2024-08-09,2024-08-09 23:59:59.999,BCH,1d,352.95,347.44,357.02,336.1,5447.506,2839,-0.015195950793413557,0.124292297243612,-1,1
850,2024-08-10,2024-08-10 23:59:59.999,BCH,1d,347.21,354.43,358.51,345.43,1484.948,2096,0.019918877034607645,-0.015195950793413557,1,-1
851,2024-08-11,2024-08-11 23:59:59.999,BCH,1d,354.61,329.98,357.99,327.59,2154.763,2306,-0.07147881869787565,0.019918877034607645,-1,1
852,2024-08-12,2024-08-12 23:59:59.999,BCH,1d,330.31,354.83,359.72,328.79,6477.906,3257,0.07260675497627275,-0.07147881869787565,1,-1
853,2024-08-13,2024-08-13 23:59:59.999,BCH,1d,354.58,351.5,364.47,343.52,3507.964,2505,-0.00942909028885169,0.07260675497627275,-1,1
854,2024-08-14,2024-08-14 23:59:59.999,BCH,1d,351.49,337.56,352.38,335.08,4211.961,2703,-0.04046643896095377,-0.00942909028885169,-1,-1
855,2024-08-15,2024-08-15 23:59:59.999,BCH,1d,337.78,333.8,343.87,327.63,2028.689,2248,-0.011201261062031058,-0.04046643896095377,-1,-1
856,2024-08-16,2024-08-16 23:59:59.999,BCH,1d,333.94,337.83,345.9,327.94,9743.193,2826,0.012000799149309014,-0.011201261062031058,1,-1
857,2024-08-17,2024-08-17 23:59:59.999,BCH,1d,337.83,340.85,347.62,335.57,1657.734,2302,0.008899687431750536,0.012000799149309014,1,1
858,2024-08-18,2024-08-18 23:59:59.999,BCH,1d,340.98,332.65,344.92,332.54,1451.104,2417,-0.024351611620897867,0.008899687431750536,-1,1
859,2024-08-19,2024-08-19 23:59:59.999,BCH,1d,332.82,337.67,338.78,330.15,1910.668,2262,0.014978201012264736,-0.024351611620897867,1,-1
860,2024-08-20,2024-08-20 23:59:59.999,BCH,1d,337.77,335.05,346.57,331.36,6159.721,3181,-0.007789312780981282,0.014978201012264736,-1,1
861,2024-08-21,2024-08-21 23:59:59.999,BCH,1d,335.28,349.19,354.81,333.09,14915.939,4085,0.04133641225191702,-0.007789312780981282,1,-1
862,2024-08-22,2024-08-22 23:59:59.999,BCH,1d,349.3,346.4,351.7,342.11,1528.759,2273,-0.008022009982816757,0.04133641225191702,-1,1
863,2024-08-23,2024-08-23 23:59:59.999,BCH,1d,346.42,364.67,368.37,346.24,4575.971,2854,0.051398658351584865,-0.008022009982816757,1,-1
864,2024-08-24,2024-08-24 23:59:59.999,BCH,1d,365.17,363.46,368.8,357.23,3235.019,2606,-0.003323585386749572,0.051398658351584865,-1,1
865,2024-08-25,2024-08-25 23:59:59.999,BCH,1d,363.51,356.47,364.11,349.84,2872.001,2426,-0.019419164812349076,-0.003323585386749572,-1,-1
866,2024-08-26,2024-08-26 23:59:59.999,BCH,1d,356.23,342.14,357.88,339.63,11475.965,3014,-0.04103007481662028,-0.019419164812349076,-1,-1
867,2024-08-27,2024-08-27 23:59:59.999,BCH,1d,342.08,323.8,346.79,314.92,6051.591,4068,-0.05509396878061105,-0.04103007481662028,-1,-1
868,2024-08-28,2024-08-28 23:59:59.999,BCH,1d,323.62,321.71,329.96,314.17,5201.067,2843,-0.006475522620006141,-0.05509396878061105,-1,-1
869,2024-08-29,2024-08-29 23:59:59.999,BCH,1d,321.74,322.33,330.54,317.29,2911.834,2254,0.0019253468465507476,-0.006475522620006141,1,-1
870,2024-08-30,2024-08-30 23:59:59.999,BCH,1d,322.13,324.68,326.67,314.82,3873.845,2482,0.0072642164228954535,0.0019253468465507476,1,1
871,2024-08-31,2024-08-31 23:59:59.999,BCH,1d,324.8,321.96,326.63,319.7,1681.95,2197,-0.008412767667441937,0.0072642164228954535,-1,1
872,2024-09-01,2024-09-01 23:59:59.999,BCH,1d,322.01,312.43,322.48,310.81,2062.536,2275,-0.030046870140823915,-0.008412767667441937,-1,-1
873,2024-09-02,2024-09-02 23:59:59.999,BCH,1d,312.22,323.36,325.43,310.36,3200.826,2502,0.034385809570601916,-0.030046870140823915,1,-1
874,2024-09-03,2024-09-03 23:59:59.999,BCH,1d,323.6,308.56,325.89,308.3,11715.18,2795,-0.0468499397553386,0.034385809570601916,-1,1
875,2024-09-04,2024-09-04 23:59:59.999,BCH,1d,308.76,315.05,319.21,296.04,4217.08,2570,0.020815042488092128,-0.0468499397553386,1,-1
876,2024-09-05,2024-09-05 23:59:59.999,BCH,1d,315.08,307.11,316.8,303.25,2180.671,2201,-0.025525366788275355,0.020815042488092128,-1,1
877,2024-09-06,2024-09-06 23:59:59.999,BCH,1d,307.17,294.78,312.43,285.94,9186.425,3356,-0.04097667419117742,-0.025525366788275355,-1,-1
878,2024-09-07,2024-09-07 23:59:59.999,BCH,1d,294.78,299.21,307.94,293.02,2691.97,2315,0.014916352593085484,-0.04097667419117742,1,-1
879,2024-09-08,2024-09-08 23:59:59.999,BCH,1d,299.26,305.0,307.92,298.46,1508.668,2133,0.01916610860571435,0.014916352593085484,1,1
880,2024-09-09,2024-09-09 23:59:59.999,BCH,1d,305.03,322.1,325.53,304.65,3690.976,2350,0.05455027972974153,0.01916610860571435,1,1
881,2024-09-10,2024-09-10 23:59:59.999,BCH,1d,321.99,329.47,331.36,318.03,5415.695,2600,0.022623246419404275,0.05455027972974153,1,1
882,2024-09-11,2024-09-11 23:59:59.999,BCH,1d,329.31,337.14,343.77,319.63,4183.823,2503,0.02301297159560438,0.022623246419404275,1,1
883,2024-09-12,2024-09-12 23:59:59.999,BCH,1d,337.28,332.79,340.52,329.89,2104.443,2287,-0.012986613933483817,0.02301297159560438,-1,1
884,2024-09-13,2024-09-13 23:59:59.999,BCH,1d,332.72,335.26,337.12,326.87,2344.715,2258,0.007394689784453727,-0.012986613933483817,1,-1
885,2024-09-14,2024-09-14 23:59:59.999,BCH,1d,335.34,326.82,337.54,325.46,1810.151,2185,-0.02549678957949368,0.007394689784453727,-1,1
886,2024-09-15,2024-09-15 23:59:59.999,BCH,1d,326.83,316.05,328.95,313.86,2753.777,2398,-0.03350913170533028,-0.02549678957949368,-1,-1
887,2024-09-16,2024-09-16 23:59:59.999,BCH,1d,316.12,311.59,316.96,309.05,3444.225,2316,-0.014212207862875026,-0.03350913170533028,-1,-1
888,2024-09-17,2024-09-17 23:59:59.999,BCH,1d,311.6,313.92,321.02,309.11,2383.01,2236,0.007449955321565524,-0.014212207862875026,1,-1
889,2024-09-18,2024-09-18 23:59:59.999,BCH,1d,313.97,327.48,327.48,306.22,5250.785,2679,0.042288808131249175,0.007449955321565524,1,1
890,2024-09-19,2024-09-19 23:59:59.999,BCH,1d,327.04,339.83,349.47,326.44,7625.69,3086,0.037018508060277296,0.042288808131249175,1,1
891,2024-09-20,2024-09-20 23:59:59.999,BCH,1d,339.88,335.73,345.22,332.23,2901.648,2331,-0.0121382270704792,0.037018508060277296,-1,1
892,2024-09-21,2024-09-21 23:59:59.999,BCH,1d,335.6,345.28,346.57,330.73,2950.24,2307,0.02804841657172425,-0.0121382270704792,1,-1
893,2024-09-22,2024-09-22 23:59:59.999,BCH,1d,345.27,342.53,346.95,333.86,2347.671,2345,-0.007996436962502676,0.02804841657172425,-1,1
894,2024-09-23,2024-09-23 23:59:59.999,BCH,1d,342.4,341.66,349.0,336.12,2781.602,2322,-0.002543154588355394,-0.007996436962502676,-1,-1
895,2024-09-24,2024-09-24 23:59:59.999,BCH,1d,341.72,347.7,351.35,336.83,3325.999,2353,0.017523948494904105,-0.002543154588355394,1,-1
896,2024-09-25,2024-09-25 23:59:59.999,BCH,1d,347.97,343.14,355.2,341.2,2255.31,2232,-0.013201511858535955,0.017523948494904105,-1,1
897,2024-09-26,2024-09-26 23:59:59.999,BCH,1d,343.39,351.69,357.89,338.88,3316.896,2287,0.02461157859656688,-0.013201511858535955,1,-1
898,2024-09-27,2024-09-27 23:59:59.999,BCH,1d,351.71,358.61,364.27,351.71,4230.355,2542,0.019485341254577567,0.02461157859656688,1,1
899,2024-09-28,2024-09-28 23:59:59.999,BCH,1d,358.61,352.48,360.91,345.87,1570.542,2305,-0.017241563952391237,0.019485341254577567,-1,1
900,2024-09-29,2024-09-29 23:59:59.999,BCH,1d,352.18,352.44,358.11,345.42,2247.014,2516,-0.0001134880555040049,-0.017241563952391237,-1,-1
901,2024-09-30,2024-09-30 23:59:59.999,BCH,1d,352.9,337.65,353.5,334.19,2869.332,2300,-0.042870538977678174,-0.0001134880555040049,-1,-1
902,2024-10-01,2024-10-01 23:59:59.999,BCH,1d,336.75,317.55,347.08,310.84,6767.299,3144,-0.06137456977186699,-0.042870538977678174,-1,-1
903,2024-10-02,2024-10-02 23:59:59.999,BCH,1d,317.28,315.92,324.22,309.29,4089.024,2353,-0.00514626927058988,-0.06137456977186699,-1,-1
904,2024-10-03,2024-10-03 23:59:59.999,BCH,1d,315.86,320.36,323.0,307.74,5028.534,2453,0.013956346477087607,-0.00514626927058988,1,-1
905,2024-10-04,2024-10-04 23:59:59.999,BCH,1d,320.4,324.58,325.93,318.04,3279.641,2298,0.013086675432254207,0.013956346477087607,1,1
906,2024-10-05,2024-10-05 23:59:59.999,BCH,1d,324.89,321.53,325.57,317.98,879.396,2155,-0.00944118696621077,0.013086675432254207,-1,1
907,2024-10-06,2024-10-06 23:59:59.999,BCH,1d,321.67,324.32,325.22,320.69,1044.533,2077,0.008639830782164926,-0.00944118696621077,1,-1
908,2024-10-07,2024-10-07 23:59:59.999,BCH,1d,324.36,323.39,332.52,320.25,3217.732,2388,-0.002871657498254503,0.008639830782164926,-1,1
909,2024-10-08,2024-10-08 23:59:59.999,BCH,1d,323.58,328.91,333.59,321.89,3061.255,2293,0.016925131905602703,-0.002871657498254503,1,-1
910,2024-10-09,2024-10-09 23:59:59.999,BCH,1d,329.0,320.39,330.29,317.99,1092.399,2076,-0.02624515339017416,0.016925131905602703,-1,1
911,2024-10-10,2024-10-10 23:59:59.999,BCH,1d,320.2,322.76,325.42,317.39,2043.485,2277,0.007370009259441903,-0.02624515339017416,1,-1
912,2024-10-11,2024-10-11 23:59:59.999,BCH,1d,322.77,326.61,328.77,321.75,1440.923,2185,0.011857785580892578,0.007370009259441903,1,1
913,2024-10-12,2024-10-12 23:59:59.999,BCH,1d,326.83,329.11,333.38,324.7,1561.356,2192,0.00762524282739566,0.011857785580892578,1,1
914,2024-10-13,2024-10-13 23:59:59.999,BCH,1d,329.11,321.22,329.72,317.63,2223.143,2349,-0.024265794753842794,0.00762524282739566,-1,1
915,2024-10-14,2024-10-14 23:59:59.999,BCH,1d,321.17,368.9,370.19,318.64,8031.443,4162,0.13839935796787856,-0.024265794753842794,1,-1
916,2024-10-15,2024-10-15 23:59:59.999,BCH,1d,369.39,354.24,385.85,344.4,12785.293,4806,-0.04055095508235781,0.13839935796787856,-1,1
917,2024-10-16,2024-10-16 23:59:59.999,BCH,1d,354.08,365.31,370.63,351.2,10020.006,3609,0.030771658666753687,-0.04055095508235781,1,-1
918,2024-10-17,2024-10-17 23:59:59.999,BCH,1d,365.31,369.72,375.33,360.33,5606.706,2718,0.011999654209551094,0.030771658666753687,1,1
919,2024-10-18,2024-10-18 23:59:59.999,BCH,1d,370.0,366.79,377.28,362.72,5253.056,2894,-0.007956485199426686,0.011999654209551094,-1,1
920,2024-10-19,2024-10-19 23:59:59.999,BCH,1d,366.82,363.5,368.61,361.44,2409.214,2229,-0.00901018022357615,-0.007956485199426686,-1,-1
921,2024-10-20,2024-10-20 23:59:59.999,BCH,1d,363.31,369.73,370.24,357.44,3403.636,2405,0.01699371255262783,-0.00901018022357615,1,-1
922,2024-10-21,2024-10-21 23:59:59.999,BCH,1d,369.59,363.4,378.71,358.9,3009.862,2209,-0.0172688535641312,0.01699371255262783,-1,1
923,2024-10-22,2024-10-22 23:59:59.999,BCH,1d,363.52,357.32,366.41,354.07,1501.209,2125,-0.016872417128432432,-0.0172688535641312,-1,-1
924,2024-10-23,2024-10-23 23:59:59.999,BCH,1d,357.06,347.98,357.33,338.86,2193.061,2231,-0.026486731975068165,-0.016872417128432432,-1,-1
925,2024-10-24,2024-10-24 23:59:59.999,BCH,1d,348.12,367.86,371.06,346.5,14575.45,3611,0.055557424144081484,-0.026486731975068165,1,-1
926,2024-10-25,2024-10-25 23:59:59.999,BCH,1d,368.03,348.81,373.95,340.11,8392.964,2816,-0.053175069654025055,0.055557424144081484,-1,1
927,2024-10-26,2024-10-26 23:59:59.999,BCH,1d,348.01,347.63,356.72,346.06,1491.769,2168,-0.0033886655825822753,-0.053175069654025055,-1,-1
928,2024-10-27,2024-10-27 23:59:59.999,BCH,1d,347.68,351.86,353.87,346.91,1189.102,2168,0.012094673444855932,-0.0033886655825822753,1,-1
929,2024-10-28,2024-10-28 23:59:59.999,BCH,1d,352.0,365.37,368.12,343.88,4643.23,2407,0.037677169556228664,0.012094673444855932,1,1
930,2024-10-29,2024-10-29 23:59:59.999,BCH,1d,365.47,385.8,389.34,363.85,5551.402,2820,0.054408561704499966,0.037677169556228664,1,1
931,2024-10-30,2024-10-30 23:59:59.999,BCH,1d,386.02,369.2,387.34,366.59,13903.706,3635,-0.043980597842931714,0.054408561704499966,-1,1
932,2024-10-31,2024-10-31 23:59:59.999,BCH,1d,368.76,358.37,377.74,350.01,11779.101,3124,-0.029772530388553396,-0.043980597842931714,-1,-1
933,2024-11-01,2024-11-01 23:59:59.999,BCH,1d,358.62,349.46,359.84,343.43,4275.425,2518,-0.02517686632925142,-0.029772530388553396,-1,-1
934,2024-11-02,2024-11-02 23:59:59.999,BCH,1d,349.41,353.12,356.86,341.05,2392.372,2247,0.010418836597534085,-0.02517686632925142,1,-1
935,2024-11-03,2024-11-03 23:59:59.999,BCH,1d,353.47,339.65,353.99,333.75,3741.188,2364,-0.03889226687111537,0.010418836597534085,-1,1
936,2024-11-04,2024-11-04 23:59:59.999,BCH,1d,339.71,329.07,342.18,321.85,4353.899,2507,-0.03164518154595848,-0.03889226687111537,-1,-1
937,2024-11-05,2024-11-05 23:59:59.999,BCH,1d,328.97,342.58,345.03,326.42,3691.563,2401,0.04023471297848641,-0.03164518154595848,1,-1
938,2024-11-06,2024-11-06 23:59:59.999,BCH,1d,342.68,378.37,384.14,342.67,9290.724,3661,0.09936734578103278,0.04023471297848641,1,1
939,2024-11-07,2024-11-07 23:59:59.999,BCH,1d,378.48,377.61,386.78,370.91,4909.287,2536,-0.0020106358793483365,0.09936734578103278,-1,1
940,2024-11-08,2024-11-08 23:59:59.999,BCH,1d,377.82,376.93,383.31,364.24,3073.233,2366,-0.0018024231560809425,-0.0020106358793483365,-1,-1
941,2024-11-09,2024-11-09 23:59:59.999,BCH,1d,376.93,404.92,407.23,369.43,3946.558,2835,0.07163002291510864,-0.0018024231560809425,1,-1
942,2024-11-10,2024-11-10 23:59:59.999,BCH,1d,405.09,441.79,453.72,395.33,13576.767,5302,0.08714513932297346,0.07163002291510864,1,1
943,2024-11-11,2024-11-11 23:59:59.999,BCH,1d,441.65,473.07,482.14,422.89,13338.01,5786,0.06840871303208058,0.08714513932297346,1,1
944,2024-11-12,2024-11-12 23:59:59.999,BCH,1d,473.43,432.65,474.72,419.3,13509.592,5496,-0.08931428203285738,0.06840871303208058,-1,1
945,2024-11-13,2024-11-13 23:59:59.999,BCH,1d,432.82,439.35,450.89,403.47,12317.317,4616,0.015367274889104507,-0.08931428203285738,1,-1
946,2024-11-14,2024-11-14 23:59:59.999,BCH,1d,440.0,414.87,446.29,409.78,6371.559,3588,-0.057331143797175486,0.015367274889104507,-1,1
947,2024-11-15,2024-11-15 23:59:59.999,BCH,1d,414.93,431.8,436.24,409.86,3475.189,2486,0.03999729993603027,-0.057331143797175486,1,-1
948,2024-11-16,2024-11-16 23:59:59.999,BCH,1d,431.61,461.98,484.01,428.85,8944.497,4019,0.06755908202070096,0.03999729993603027,1,1
949,2024-11-17,2024-11-17 23:59:59.999,BCH,1d,462.35,432.65,488.65,424.39,10101.934,4297,-0.06559251304866014,0.06755908202070096,-1,1
950,2024-11-18,2024-11-18 23:59:59.999,BCH,1d,432.79,453.1,471.59,431.08,5254.231,3043,0.04618376462034471,-0.06559251304866014,1,-1
951,2024-11-19,2024-11-19 23:59:59.999,BCH,1d,453.03,446.92,460.55,438.59,3561.178,2513,-0.013733243993955372,0.04618376462034471,-1,1
952,2024-11-20,2024-11-20 23:59:59.999,BCH,1d,447.18,440.21,455.07,429.45,4504.715,2687,-0.015127721897959528,-0.013733243993955372,-1,-1
953,2024-11-21,2024-11-21 23:59:59.999,BCH,1d,440.37,485.12,538.23,429.36,34881.975,9774,0.09714439723277457,-0.015127721897959528,1,-1
954,2024-11-22,2024-11-22 23:59:59.999,BCH,1d,485.19,490.54,504.36,473.02,24162.309,7826,0.0111105421058384,0.09714439723277457,1,1
955,2024-11-23,2024-11-23 23:59:59.999,BCH,1d,490.78,510.47,569.81,487.06,28726.542,9928,0.03982504484237677,0.0111105421058384,1,1
956,2024-11-24,2024-11-24 23:59:59.999,BCH,1d,510.57,515.69,526.43,477.68,13074.382,4789,0.010173939787868255,0.03982504484237677,1,1
957,2024-11-25,2024-11-25 23:59:59.999,BCH,1d,515.78,492.48,532.99,484.2,9849.067,4680,-0.04605195909952114,0.010173939787868255,-1,1
958,2024-11-26,2024-11-26 23:59:59.999,BCH,1d,491.55,493.1,505.86,471.72,11550.326,5209,0.0012581425795659838,-0.04605195909952114,1,-1
959,2024-11-27,2024-11-27 23:59:59.999,BCH,1d,492.81,518.38,523.85,485.27,7339.602,3716,0.049996570816833924,0.0012581425795659838,1,1
960,2024-11-28,2024-11-28 23:59:59.999,BCH,1d,518.29,511.82,525.0,498.15,7753.349,4254,-0.012735563319990149,0.049996570816833924,-1,1
961,2024-11-29,2024-11-29 23:59:59.999,BCH,1d,511.69,519.0,523.14,500.07,6258.758,3451,0.013930882438964377,-0.012735563319990149,1,-1
962,2024-11-30,2024-11-30 23:59:59.999,BCH,1d,519.0,526.65,540.23,506.81,10857.16,5072,0.014632308116662227,0.013930882438964377,1,1
963,2024-12-01,2024-12-01 23:59:59.999,BCH,1d,526.91,533.12,538.2,510.42,5323.739,3327,0.012210348255872302,0.014632308116662227,1,1
964,2024-12-02,2024-12-02 23:59:59.999,BCH,1d,533.12,539.43,562.74,495.34,29252.055,8217,0.01176648697323275,0.012210348255872302,1,1
965,2024-12-03,2024-12-03 23:59:59.999,BCH,1d,539.24,586.69,591.43,511.18,34720.997,9857,0.08398354478879079,0.01176648697323275,1,1
966,2024-12-04,2024-12-04 23:59:59.999,BCH,1d,586.68,584.55,608.25,542.49,46586.091,11324,-0.0036542508476187564,0.08398354478879079,-1,1
967,2024-12-05,2024-12-05 23:59:59.999,BCH,1d,583.84,589.21,634.11,551.0,43636.655,10531,0.007940336157270288,-0.0036542508476187564,1,-1
968,2024-12-06,2024-12-06 23:59:59.999,BCH,1d,589.14,619.95,641.1,581.02,14580.265,4962,0.05085617301575309,0.007940336157270288,1,1
969,2024-12-07,2024-12-07 23:59:59.999,BCH,1d,619.81,608.27,626.98,604.74,9078.408,3741,-0.019019967286189526,0.05085617301575309,-1,1
970,2024-12-08,2024-12-08 23:59:59.999,BCH,1d,608.24,623.04,625.75,602.45,3046.152,2694,0.023991859844173184,-0.019019967286189526,1,-1
971,2024-12-09,2024-12-09 23:59:59.999,BCH,1d,623.17,552.09,623.24,505.51,29057.764,8322,-0.1208996457186219,0.023991859844173184,-1,1
972,2024-12-10,2024-12-10 23:59:59.999,BCH,1d,551.71,516.59,564.1,485.38,21917.038,5326,-0.06646155332725884,-0.1208996457186219,-1,-1
973,2024-12-11,2024-12-11 23:59:59.999,BCH,1d,516.64,546.77,551.14,503.08,5336.329,2804,0.05677871553956518,-0.06646155332725884,1,-1
974,2024-12-12,2024-12-12 23:59:59.999,BCH,1d,546.86,540.46,563.79,537.61,2673.796,2445,-0.011607609887218349,0.05677871553956518,-1,1
975,2024-12-13,2024-12-13 23:59:59.999,BCH,1d,540.36,542.19,543.7,526.11,4076.135,2489,0.0031958647253562114,-0.011607609887218349,1,-1
976,2024-12-14,2024-12-14 23:59:59.999,BCH,1d,541.98,534.04,551.49,519.86,4998.754,2410,-0.015145750993762901,0.0031958647253562114,-1,1
977,2024-12-15,2024-12-15 23:59:59.999,BCH,1d,534.13,546.29,550.56,525.01,6112.838,2746,0.022679227751595536,-0.015145750993762901,1,-1
978,2024-12-16,2024-12-16 23:59:59.999,BCH,1d,547.08,538.82,557.15,522.76,7289.98,3527,-0.01376840690132315,0.022679227751595536,-1,1
979,2024-12-17,2024-12-17 23:59:59.999,BCH,1d,538.74,529.66,547.2,524.13,6597.348,3951,-0.017146272115181747,-0.01376840690132315,-1,-1
980,2024-12-18,2024-12-18 23:59:59.999,BCH,1d,530.67,480.35,543.37,472.61,13708.753,4909,-0.09772028640123731,-0.017146272115181747,-1,-1
981,2024-12-19,2024-12-19 23:59:59.999,BCH,1d,480.15,438.34,488.78,421.45,12449.34,4889,-0.09152013990217464,-0.09772028640123731,-1,-1
982,2024-12-20,2024-12-20 23:59:59.999,BCH,1d,438.43,449.05,450.88,389.98,13735.702,4716,0.024139375163385823,-0.09152013990217464,1,-1
983,2024-12-21,2024-12-21 23:59:59.999,BCH,1d,449.05,455.62,472.52,442.61,11179.394,3424,0.014524888648849951,0.024139375163385823,1,1
984,2024-12-22,2024-12-22 23:59:59.999,BCH,1d,455.97,445.98,460.95,434.37,7084.681,2918,-0.021385020800551473,0.014524888648849951,-1,1
985,2024-12-23,2024-12-23 23:59:59.999,BCH,1d,445.69,461.03,465.93,432.51,9174.802,3005,0.03318900883595429,-0.021385020800551473,1,-1
986,2024-12-24,2024-12-24 23:59:59.999,BCH,1d,460.28,470.27,478.62,450.49,2587.297,2323,0.01984388104437575,0.03318900883595429,1,1
987,2024-12-25,2024-12-25 23:59:59.999,BCH,1d,470.26,465.42,471.18,455.55,1903.878,2086,-0.010366774114751802,0.01984388104437575,-1,1
988,2024-12-26,2024-12-26 23:59:59.999,BCH,1d,465.4,437.28,467.93,433.07,2917.077,2299,-0.062366501551077466,-0.010366774114751802,-1,-1
989,2024-12-27,2024-12-27 23:59:59.999,BCH,1d,437.24,440.88,461.54,434.81,2162.734,2274,0.008199007395222183,-0.062366501551077466,1,-1
990,2024-12-28,2024-12-28 23:59:59.999,BCH,1d,440.83,451.49,453.36,438.3,1125.141,2087,0.023780494642539597,0.008199007395222183,1,1
991,2024-12-29,2024-12-29 23:59:59.999,BCH,1d,451.51,438.66,453.69,435.26,1670.544,2203,-0.02882859868423975,0.023780494642539597,-1,1
992,2024-12-30,2024-12-30 23:59:59.999,BCH,1d,438.07,444.04,453.04,429.31,3777.503,2568,0.012190022931166875,-0.02882859868423975,1,-1
993,2024-12-31,2024-12-31 23:59:59.999,BCH,1d,444.01,434.51,455.15,433.01,2705.097,2392,-0.021695689064116,0.012190022931166875,-1,1
994,2025-01-01,2025-01-01 23:59:59.999,BCH,1d,434.48,450.67,454.14,430.55,2746.695,2576,0.036516404956819924,-0.021695689064116,1,-1
995,2025-01-02,2025-01-02 23:59:59.999,BCH,1d,450.63,461.66,466.45,450.56,2513.25,2392,0.02409332505870183,0.036516404956819924,1,1
996,2025-01-03,2025-01-03 23:59:59.999,BCH,1d,461.69,473.95,477.04,456.28,1741.887,2392,0.026273141483198443,0.02409332505870183,1,1
997,2025-01-04,2025-01-04 23:59:59.999,BCH,1d,474.79,479.02,483.23,469.3,2663.115,2920,0.010640519293649859,0.026273141483198443,1,1
998,2025-01-05,2025-01-05 23:59:59.999,BCH,1d,479.09,471.27,479.37,462.79,2326.527,2283,-0.016311172012742275,0.010640519293649859,-1,1
999,2025-01-06,2025-01-06 23:59:59.999,BCH,1d,471.31,483.3,486.0,464.84,2108.593,2480,0.02520640067108041,-0.016311172012742275,1,-1
1000,2025-01-07,2025-01-07 23:59:59.999,BCH,1d,482.92,436.98,486.2,435.59,6266.759,3784,-0.10075015139315961,0.02520640067108041,-1,1
1001,2025-01-08,2025-01-08 23:59:59.999,BCH,1d,437.21,434.42,442.18,418.34,5916.948,2905,-0.0058756193823313934,-0.10075015139315961,-1,-1
1002,2025-01-09,2025-01-09 23:59:59.999,BCH,1d,434.17,421.83,437.1,411.15,5084.27,2820,-0.029409418804713407,-0.0058756193823313934,-1,-1
1003,2025-01-10,2025-01-10 23:59:59.999,BCH,1d,422.28,450.02,450.31,420.66,8984.539,3330,0.06468963695035058,-0.029409418804713407,1,-1
1004,2025-01-11,2025-01-11 23:59:59.999,BCH,1d,449.99,440.75,451.1,436.01,2028.851,2260,-0.020814204943205145,0.06468963695035058,-1,1
1005,2025-01-12,2025-01-12 23:59:59.999,BCH,1d,440.91,447.58,464.13,436.55,5756.962,3317,0.015377471409029146,-0.020814204943205145,1,-1
1006,2025-01-13,2025-01-13 23:59:59.999,BCH,1d,448.07,427.71,453.75,400.85,6633.822,3711,-0.04540989685302945,0.015377471409029146,-1,1
1007,2025-01-14,2025-01-14 23:59:59.999,BCH,1d,427.73,437.88,441.01,426.04,1800.993,2480,0.02349950440237736,-0.04540989685302945,1,-1
1008,2025-01-15,2025-01-15 23:59:59.999,BCH,1d,437.85,460.4,463.27,431.01,2979.178,2566,0.05015077661137085,0.02349950440237736,1,1
1009,2025-01-16,2025-01-16 23:59:59.999,BCH,1d,460.42,461.82,471.46,446.8,6890.745,3502,0.0030795279265534146,0.05015077661137085,1,1
1010,2025-01-17,2025-01-17 23:59:59.999,BCH,1d,462.44,489.99,500.84,462.44,9135.376,3973,0.0592097779588765,0.0030795279265534146,1,1
1011,2025-01-18,2025-01-18 23:59:59.999,BCH,1d,490.0,466.52,495.18,459.1,6857.521,3621,-0.04908409091030849,0.0592097779588765,-1,1
1012,2025-01-19,2025-01-19 23:59:59.999,BCH,1d,466.36,427.33,470.97,419.21,15331.625,5876,-0.08774434335277859,-0.04908409091030849,-1,-1
1013,2025-01-20,2025-01-20 23:59:59.999,BCH,1d,427.19,430.46,483.29,415.55,25507.1,7265,0.0072978558659623745,-0.08774434335277859,1,-1
1014,2025-01-21,2025-01-21 23:59:59.999,BCH,1d,430.86,446.64,454.12,419.62,5549.321,2771,0.03689849666607199,0.0072978558659623745,1,1
1015,2025-01-22,2025-01-22 23:59:59.999,BCH,1d,446.18,435.38,451.07,433.85,3416.053,2629,-0.0255336880293148,0.03689849666607199,-1,1
1016,2025-01-23,2025-01-23 23:59:59.999,BCH,1d,435.55,437.77,446.98,425.42,9096.357,3665,0.005474445327681813,-0.0255336880293148,1,-1
1017,2025-01-24,2025-01-24 23:59:59.999,BCH,1d,437.47,431.86,442.98,426.46,2815.238,2228,-0.0135921966537865,0.005474445327681813,-1,1
1018,2025-01-25,2025-01-25 23:59:59.999,BCH,1d,431.98,445.57,454.66,430.64,4124.746,2590,0.031252899744845374,-0.0135921966537865,1,-1
1019,2025-01-26,2025-01-26 23:59:59.999,BCH,1d,445.79,424.72,448.28,424.68,13061.404,5684,-0.04792423311611488,0.031252899744845374,-1,1
1020,2025-01-27,2025-01-27 23:59:59.999,BCH,1d,424.91,427.56,428.97,396.13,16359.703,5444,0.006664501130328794,-0.04792423311611488,1,-1
1021,2025-01-28,2025-01-28 23:59:59.999,BCH,1d,427.53,410.78,431.43,406.94,3580.173,3097,-0.04003683802824244,0.006664501130328794,-1,1
1022,2025-01-29,2025-01-29 23:59:59.999,BCH,1d,410.16,414.84,421.61,404.52,5256.785,2949,0.009835112344030872,-0.04003683802824244,1,-1
1023,2025-01-30,2025-01-30 23:59:59.999,BCH,1d,414.96,434.96,439.25,412.65,3079.651,2612,0.04736116911613176,0.009835112344030872,1,1
1024,2025-01-31,2025-01-31 23:59:59.999,BCH,1d,435.23,424.35,445.39,420.14,2593.19,2403,-0.02469548642197919,0.04736116911613176,-1,1
1025,2025-02-01,2025-02-01 23:59:59.999,BCH,1d,424.35,403.4,431.51,400.06,2467.224,2376,-0.05062996089557454,-0.02469548642197919,-1,-1
1026,2025-02-02,2025-02-02 23:59:59.999,BCH,1d,403.39,360.09,409.98,341.67,13020.205,4562,-0.11357462531474838,-0.05062996089557454,-1,-1
1027,2025-02-03,2025-02-03 23:59:59.999,BCH,1d,360.07,352.89,360.22,270.66,37585.785,9636,-0.02019760656490337,-0.11357462531474838,-1,-1
1028,2025-02-04,2025-02-04 23:59:59.999,BCH,1d,352.89,329.66,355.14,321.16,11509.957,4097,-0.06809457333724962,-0.02019760656490337,-1,-1
1029,2025-02-05,2025-02-05 23:59:59.999,BCH,1d,329.71,327.62,338.04,323.24,4661.43,2642,-0.006207420126724716,-0.06809457333724962,-1,-1
1030,2025-02-06,2025-02-06 23:59:59.999,BCH,1d,327.58,316.24,334.9,313.53,4480.767,2434,-0.035352981188055244,-0.006207420126724716,-1,-1
1031,2025-02-07,2025-02-07 23:59:59.999,BCH,1d,315.88,318.36,334.94,308.66,4452.798,2377,0.006681398949218441,-0.035352981188055244,1,-1
1032,2025-02-08,2025-02-08 23:59:59.999,BCH,1d,317.92,322.94,324.1,314.77,2019.555,2096,0.01428372951582639,0.006681398949218441,1,1
1033,2025-02-09,2025-02-09 23:59:59.999,BCH,1d,323.05,324.4,328.97,312.75,2877.938,2464,0.004510774787782847,0.01428372951582639,1,1
1034,2025-02-10,2025-02-10 23:59:59.999,BCH,1d,324.26,329.01,334.47,315.69,17849.838,4705,0.014110823198969454,0.004510774787782847,1,1
1035,2025-02-11,2025-02-11 23:59:59.999,BCH,1d,329.06,331.19,344.23,325.57,12006.513,3820,0.006604083378337456,0.014110823198969454,1,1
1036,2025-02-12,2025-02-12 23:59:59.999,BCH,1d,331.17,343.22,347.05,321.4,9164.988,4849,0.0356794121555925,0.006604083378337456,1,1
1037,2025-02-13,2025-02-13 23:59:59.999,BCH,1d,343.33,334.6,345.73,327.19,6633.944,3772,-0.025435852421433394,0.0356794121555925,-1,1
1038,2025-02-14,2025-02-14 23:59:59.999,BCH,1d,335.4,341.45,350.65,334.09,1870.826,2390,0.020265466854374577,-0.025435852421433394,1,-1
1039,2025-02-15,2025-02-15 23:59:59.999,BCH,1d,341.41,332.73,345.56,330.78,1004.957,2139,-0.025869905122338218,0.020265466854374577,-1,1
1040,2025-02-16,2025-02-16 23:59:59.999,BCH,1d,332.74,326.05,334.68,325.43,1088.527,2245,-0.02028060644554869,-0.025869905122338218,-1,-1
1041,2025-02-17,2025-02-17 23:59:59.999,BCH,1d,326.0,323.61,336.46,317.15,3411.18,2735,-0.007511656783763956,-0.02028060644554869,-1,-1
1042,2025-02-18,2025-02-18 23:59:59.999,BCH,1d,323.71,315.88,324.9,307.49,4281.227,3196,-0.024176692426067167,-0.007511656783763956,-1,-1
1043,2025-02-19,2025-02-19 23:59:59.999,BCH,1d,315.97,322.58,324.1,311.72,2274.213,2484,0.02098877285965615,-0.024176692426067167,1,-1
1044,2025-02-20,2025-02-20 23:59:59.999,BCH,1d,322.49,325.76,327.1,320.15,1449.417,2297,0.009809746433066702,0.02098877285965615,1,1
1045,2025-02-21,2025-02-21 23:59:59.999,BCH,1d,325.76,313.58,333.51,310.0,2856.447,2574,-0.03810640298979886,0.009809746433066702,-1,1
1046,2025-02-22,2025-02-22 23:59:59.999,BCH,1d,313.63,320.89,322.5,312.6,1119.425,2176,0.02304387434207634,-0.03810640298979886,1,-1
1047,2025-02-23,2025-02-23 23:59:59.999,BCH,1d,320.88,327.7,332.35,320.56,1939.306,2356,0.021000170430388043,0.02304387434207634,1,1
1048,2025-02-24,2025-02-24 23:59:59.999,BCH,1d,327.71,291.19,329.3,287.72,8398.969,3860,-0.11812258063123263,0.021000170430388043,-1,1
1049,2025-02-25,2025-02-25 23:59:59.999,BCH,1d,291.29,291.61,296.22,275.15,14286.475,4773,0.0014413180257684618,-0.11812258063123263,1,-1
1050,2025-02-26,2025-02-26 23:59:59.999,BCH,1d,291.69,293.69,301.05,284.2,5836.13,3277,0.00710749617695644,0.0014413180257684618,1,1
1051,2025-02-27,2025-02-27 23:59:59.999,BCH,1d,294.04,296.54,303.46,290.0,2536.42,2458,0.009657327313619034,0.00710749617695644,1,1
1052,2025-02-28,2025-02-28 23:59:59.999,BCH,1d,296.65,315.39,319.81,269.8,11542.436,5258,0.06162785166596904,0.009657327313619034,1,1
1053,2025-03-01,2025-03-01 23:59:59.999,BCH,1d,315.51,311.25,323.98,307.64,2596.458,2881,-0.01321352047693178,0.06162785166596904,-1,1
1054,2025-03-02,2025-03-02 23:59:59.999,BCH,1d,311.33,334.08,341.01,309.8,5007.319,3509,0.0707840374753018,-0.01321352047693178,1,-1
1055,2025-03-03,2025-03-03 23:59:59.999,BCH,1d,334.16,321.19,356.72,310.98,19615.806,9490,-0.039347636916573565,0.0707840374753018,-1,1
1056,2025-03-04,2025-03-04 23:59:59.999,BCH,1d,321.08,319.8,329.74,291.3,18250.9,7829,-0.004337047937791637,-0.039347636916573565,-1,-1
1057,2025-03-05,2025-03-05 23:59:59.999,BCH,1d,320.08,391.6,398.82,319.69,45428.172,18431,0.20254511025650143,-0.004337047937791637,1,-1
1058,2025-03-06,2025-03-06 23:59:59.999,BCH,1d,392.27,394.58,419.36,383.51,27688.197,11001,0.007580997410467923,0.20254511025650143,1,1
1059,2025-03-07,2025-03-07 23:59:59.999,BCH,1d,394.58,388.34,409.7,383.03,16188.072,7561,-0.015940663500515678,0.007580997410467923,-1,1
1060,2025-03-08,2025-03-08 23:59:59.999,BCH,1d,388.66,385.49,397.76,376.96,15355.472,5558,-0.007365992236604207,-0.015940663500515678,-1,-1
1061,2025-03-09,2025-03-09 23:59:59.999,BCH,1d,385.53,356.99,386.69,355.84,10209.856,4976,-0.07680748214686724,-0.007365992236604207,-1,-1
1062,2025-03-10,2025-03-10 23:59:59.999,BCH,1d,357.16,331.0,372.0,330.68,8484.037,4795,-0.07558939480577331,-0.07680748214686724,-1,-1
1063,2025-03-11,2025-03-11 23:59:59.999,BCH,1d,331.63,340.07,350.0,316.18,10036.379,4918,0.02703310339522227,-0.07558939480577331,1,-1
1064,2025-03-12,2025-03-12 23:59:59.999,BCH,1d,340.13,353.37,360.28,330.29,11363.178,5390,0.03836418786651781,0.02703310339522227,1,1
1065,2025-03-13,2025-03-13 23:59:59.999,BCH,1d,353.68,325.69,355.51,323.98,8665.253,4039,-0.08156965792897805,0.03836418786651781,-1,1
1066,2025-03-14,2025-03-14 23:59:59.999,BCH,1d,325.71,330.7,335.31,325.15,6148.503,3834,0.015265611277922331,-0.08156965792897805,1,-1
1067,2025-03-15,2025-03-15 23:59:59.999,BCH,1d,331.26,342.14,351.92,327.89,5416.06,4018,0.034008390036398675,0.015265611277922331,1,1
1068,2025-03-16,2025-03-16 23:59:59.999,BCH,1d,342.22,332.72,342.29,324.59,2387.158,2524,-0.027918714589489472,0.034008390036398675,-1,1
1069,2025-03-17,2025-03-17 23:59:59.999,BCH,1d,332.86,337.47,341.92,330.93,4812.922,2710,0.01417532203818799,-0.027918714589489472,1,-1
1070,2025-03-18,2025-03-18 23:59:59.999,BCH,1d,337.25,335.08,343.26,329.14,2135.627,2399,-0.0071073081872355766,0.01417532203818799,-1,1
1071,2025-03-19,2025-03-19 23:59:59.999,BCH,1d,335.39,345.22,346.57,332.33,2480.619,2604,0.029812585672934506,-0.0071073081872355766,1,-1
1072,2025-03-20,2025-03-20 23:59:59.999,BCH,1d,345.17,333.43,349.75,329.86,2832.807,2769,-0.034748946686387935,0.029812585672934506,-1,1
1073,2025-03-21,2025-03-21 23:59:59.999,BCH,1d,333.43,322.88,335.43,320.09,2201.489,2675,-0.032152211106911154,-0.034748946686387935,-1,-1
1074,2025-03-22,2025-03-22 23:59:59.999,BCH,1d,322.9,322.04,326.08,320.81,1908.166,2479,-0.002604975733464069,-0.032152211106911154,-1,-1
1075,2025-03-23,2025-03-23 23:59:59.999,BCH,1d,322.06,325.18,325.5,320.32,923.272,2264,0.009703113735628887,-0.002604975733464069,1,-1
1076,2025-03-24,2025-03-24 23:59:59.999,BCH,1d,325.12,332.4,336.52,321.43,3698.044,3049,0.021960187813884105,0.009703113735628887,1,1
1077,2025-03-25,2025-03-25 23:59:59.999,BCH,1d,332.34,335.78,339.28,326.48,2993.102,3014,0.01011712062695899,0.021960187813884105,1,1
1078,2025-03-26,2025-03-26 23:59:59.999,BCH,1d,336.05,334.88,341.6,328.34,4919.713,3502,-0.0026839249105623567,0.01011712062695899,-1,1
1079,2025-03-27,2025-03-27 23:59:59.999,BCH,1d,335.05,324.43,339.38,320.98,5242.505,3433,-0.03170246231059577,-0.0026839249105623567,-1,-1
1080,2025-03-28,2025-03-28 23:59:59.999,BCH,1d,324.44,307.29,327.93,304.62,3550.991,4398,-0.05427786927054085,-0.03170246231059577,-1,-1
1081,2025-03-29,2025-03-29 23:59:59.999,BCH,1d,307.34,303.02,308.76,298.52,2551.581,2824,-0.013993117184863683,-0.05427786927054085,-1,-1
1082,2025-03-30,2025-03-30 23:59:59.999,BCH,1d,303.1,298.78,307.85,293.94,3382.213,3023,-0.014091293317518142,-0.013993117184863683,-1,-1
1083,2025-03-31,2025-03-31 23:59:59.999,BCH,1d,298.97,303.31,305.63,289.89,6128.344,3660,0.015047868192960159,-0.014091293317518142,1,-1
1084,2025-04-01,2025-04-01 23:59:59.999,BCH,1d,303.28,308.05,317.94,302.21,3857.6,2977,0.015506722653448381,0.015047868192960159,1,1
1085,2025-04-02,2025-04-02 23:59:59.999,BCH,1d,308.08,293.17,316.65,290.08,5508.632,3921,-0.04950946191906972,0.015506722653448381,-1,1
1086,2025-04-03,2025-04-03 23:59:59.999,BCH,1d,292.94,300.89,307.49,291.52,4101.763,3098,0.025992103909804064,-0.04950946191906972,1,-1
1087,2025-04-04,2025-04-04 23:59:59.999,BCH,1d,301.06,301.23,310.0,294.15,3621.279,2788,0.0011293431081405606,0.025992103909804064,1,1
1088,2025-04-05,2025-04-05 23:59:59.999,BCH,1d,301.18,303.88,304.19,296.84,991.659,2245,0.008758794075566062,0.0011293431081405606,1,1
1089,2025-04-06,2025-04-06 23:59:59.999,BCH,1d,303.8,272.05,307.17,265.24,3659.14,3488,-0.11064701370308642,0.008758794075566062,-1,1
1090,2025-04-07,2025-04-07 23:59:59.999,BCH,1d,272.12,275.32,281.66,249.45,9135.576,4816,0.011948184598229127,-0.11064701370308642,1,-1
1091,2025-04-08,2025-04-08 23:59:59.999,BCH,1d,275.23,268.96,284.43,267.13,2670.141,2695,-0.023371387869858,0.011948184598229127,-1,1
1092,2025-04-09,2025-04-09 23:59:59.999,BCH,1d,269.09,301.38,311.43,259.17,6347.067,3686,0.11380925732970296,-0.023371387869858,1,-1
1093,2025-04-10,2025-04-10 23:59:59.999,BCH,1d,301.62,289.71,303.78,282.26,4590.695,3801,-0.0394915043430722,0.11380925732970296,-1,1
1094,2025-04-11,2025-04-11 23:59:59.999,BCH,1d,289.93,312.94,315.63,289.45,3866.943,3236,0.07713105622697516,-0.0394915043430722,1,-1
1095,2025-04-12,2025-04-12 23:59:59.999,BCH,1d,312.63,344.36,357.14,311.19,4407.718,3760,0.09567614291584264,0.07713105622697516,1,1
1096,2025-04-13,2025-04-13 23:59:59.999,BCH,1d,344.77,342.25,353.09,335.88,4068.076,3686,-0.006146157621195686,0.09567614291584264,-1,1
1097,2025-04-14,2025-04-14 23:59:59.999,BCH,1d,342.41,323.2,372.83,322.88,7987.214,5454,-0.05727013752161797,-0.006146157621195686,-1,-1
1098,2025-04-15,2025-04-15 23:59:59.999,BCH,1d,323.36,319.3,337.2,316.99,5114.327,4000,-0.012140226926203907,-0.05727013752161797,-1,-1
1099,2025-04-16,2025-04-16 23:59:59.999,BCH,1d,319.47,321.71,325.37,313.88,5563.637,3997,0.00751941890279223,-0.012140226926203907,1,-1
1100,2025-04-17,2025-04-17 23:59:59.999,BCH,1d,321.46,333.78,340.1,320.79,2813.036,3334,0.0368315746917282,0.00751941890279223,1,1
1101,2025-04-18,2025-04-18 23:59:59.999,BCH,1d,333.95,334.83,344.66,327.01,3278.754,3501,0.0031408470204764317,0.0368315746917282,1,1
1102,2025-04-19,2025-04-19 23:59:59.999,BCH,1d,334.86,334.97,339.65,332.55,1696.744,2227,0.0004180352404862898,0.0031408470204764317,1,1
1103,2025-04-20,2025-04-20 23:59:59.999,BCH,1d,332.81,335.82,337.61,331.48,546.061,1090,0.002534326555103872,0.0004180352404862898,1,1
1104,2025-04-21,2025-04-21 23:59:59.999,BCH,1d,336.05,344.73,347.97,335.35,4445.788,3793,0.02618619980632893,0.002534326555103872,1,1
1105,2025-04-22,2025-04-22 23:59:59.999,BCH,1d,344.79,362.09,364.93,337.06,8769.394,4380,0.049131297772120865,0.02618619980632893,1,1
1106,2025-04-23,2025-04-23 23:59:59.999,BCH,1d,362.43,358.0,364.54,353.29,7046.022,4421,-0.011359813309072582,0.049131297772120865,-1,1
1107,2025-04-24,2025-04-24 23:59:59.999,BCH,1d,358.76,356.6,367.29,343.38,5463.35,3888,-0.00391828097166024,-0.011359813309072582,-1,-1
1108,2025-04-25,2025-04-25 23:59:59.999,BCH,1d,356.75,373.13,385.1,348.41,13920.547,6243,0.04531217896305109,-0.00391828097166024,1,-1
1109,2025-04-26,2025-04-26 23:59:59.999,BCH,1d,373.04,355.0,377.29,354.66,4984.811,5977,-0.04980909491667536,0.04531217896305109,-1,1
1110,2025-04-27,2025-04-27 23:59:59.999,BCH,1d,355.17,345.17,359.62,344.71,3142.667,5205,-0.028080740184067702,-0.04980909491667536,-1,-1
1111,2025-04-28,2025-04-28 23:59:59.999,BCH,1d,345.24,363.79,370.99,341.4,4561.691,3920,0.05253972878431582,-0.028080740184067702,1,-1
1112,2025-04-29,2025-04-29 23:59:59.999,BCH,1d,365.0,363.4,377.84,360.6,11154.792,6091,-0.0010726221135930923,0.05253972878431582,-1,1
1113,2025-04-30,2025-04-30 23:59:59.999,BCH,1d,363.63,365.86,369.41,355.0,5313.331,3835,0.006746590601081348,-0.0010726221135930923,1,-1
1114,2025-05-01,2025-05-01 23:59:59.999,BCH,1d,366.12,360.38,374.72,359.83,5970.513,3706,-0.015091716264484025,0.006746590601081348,-1,1
1115,2025-05-02,2025-05-02 23:59:59.999,BCH,1d,360.39,382.51,385.65,358.81,16937.169,7423,0.05959576641702913,-0.015091716264484025,1,-1
1116,2025-05-03,2025-05-03 23:59:59.999,BCH,1d,382.56,362.26,382.94,362.05,4599.611,3704,-0.05439261065092671,0.05959576641702913,-1,1
1117,2025-05-04,2025-05-04 23:59:59.999,BCH,1d,362.36,355.65,370.35,352.81,2675.933,3441,-0.01841508488524646,-0.05439261065092671,-1,-1
1118,2025-05-05,2025-05-05 23:59:59.999,BCH,1d,355.73,352.83,360.69,349.05,2075.174,2663,-0.007960746648469283,-0.01841508488524646,-1,-1
1119,2025-05-06,2025-05-06 23:59:59.999,BCH,1d,352.85,374.38,374.38,349.95,4977.448,3717,0.059284969842128284,-0.007960746648469283,1,-1
1120,2025-05-07,2025-05-07 23:59:59.999,BCH,1d,375.24,382.93,391.16,354.72,8530.813,5781,0.02258088047940461,0.059284969842128284,1,1
1121,2025-05-08,2025-05-08 23:59:59.999,BCH,1d,383.53,421.65,429.71,380.79,30577.263,12978,0.0963233811680629,0.02258088047940461,1,1
1122,2025-05-09,2025-05-09 23:59:59.999,BCH,1d,421.65,414.12,429.34,403.02,8455.429,7706,-0.018019799122738128,0.0963233811680629,-1,1
1123,2025-05-10,2025-05-10 23:59:59.999,BCH,1d,414.08,431.38,433.69,409.71,4576.998,4172,0.04083358529631559,-0.018019799122738128,1,-1
1124,2025-05-11,2025-05-11 23:59:59.999,BCH,1d,431.6,407.78,432.34,401.79,6921.925,5453,-0.0562615589053998,0.04083358529631559,-1,1
1125,2025-05-12,2025-05-12 23:59:59.999,BCH,1d,408.09,410.63,419.33,395.98,3719.442,3265,0.006964752436034786,-0.0562615589053998,1,-1
1126,2025-05-13,2025-05-13 23:59:59.999,BCH,1d,410.79,410.5,415.71,391.28,5846.723,4093,-0.00031663683238004707,0.006964752436034786,-1,1
1127,2025-05-14,2025-05-14 23:59:59.999,BCH,1d,410.7,402.14,413.9,398.68,5965.808,4046,-0.020575642194981814,-0.00031663683238004707,-1,-1
1128,2025-05-15,2025-05-15 23:59:59.999,BCH,1d,402.14,395.54,404.65,382.61,4798.933,4456,-0.016548366803622122,-0.020575642194981814,-1,-1
1129,2025-05-16,2025-05-16 23:59:59.999,BCH,1d,395.63,395.7,403.19,392.45,2808.152,3266,0.00040442849749952695,-0.016548366803622122,1,-1
1130,2025-05-17,2025-05-17 23:59:59.999,BCH,1d,395.48,391.71,401.15,385.6,2623.695,2654,-0.01013457830332167,0.00040442849749952695,-1,1
1131,2025-05-18,2025-05-18 23:59:59.999,BCH,1d,391.74,406.13,407.75,389.2,2410.689,2792,0.036151535305877426,-0.01013457830332167,1,-1
1132,2025-05-19,2025-05-19 23:59:59.999,BCH,1d,406.46,392.28,408.37,375.47,7507.051,5521,-0.03469743486981474,0.036151535305877426,-1,1
1133,2025-05-20,2025-05-20 23:59:59.999,BCH,1d,392.32,393.9,398.35,383.9,3692.179,4702,0.0041211994527406036,-0.03469743486981474,1,-1
1134,2025-05-21,2025-05-21 23:59:59.999,BCH,1d,394.22,406.93,412.24,390.57,3615.876,3557,0.03254411050173896,0.0041211994527406036,1,1
1135,2025-05-22,2025-05-22 23:59:59.999,BCH,1d,406.9,444.37,445.66,406.9,8350.241,5831,0.08801636825751752,0.03254411050173896,1,1
1136,2025-05-23,2025-05-23 23:59:59.999,BCH,1d,444.7,426.56,462.23,424.17,8902.069,5122,-0.04090451174577273,0.08801636825751752,-1,1
1137,2025-05-24,2025-05-24 23:59:59.999,BCH,1d,426.54,421.27,432.46,419.28,1656.851,2212,-0.012479078705997765,-0.04090451174577273,-1,-1
1138,2025-05-25,2025-05-25 23:59:59.999,BCH,1d,421.27,422.24,427.23,407.34,4054.431,2955,0.0022999144706677575,-0.012479078705997765,1,-1
1139,2025-05-26,2025-05-26 23:59:59.999,BCH,1d,422.42,415.23,428.22,413.07,2207.422,2586,-0.01674128917829364,0.0022999144706677575,-1,1
1140,2025-05-27,2025-05-27 23:59:59.999,BCH,1d,415.03,414.24,424.3,408.22,3832.676,2851,-0.0023870675734927152,-0.01674128917829364,-1,-1
1141,2025-05-28,2025-05-28 23:59:59.999,BCH,1d,414.23,424.4,427.2,404.44,2510.069,2836,0.024230890736600577,-0.0023870675734927152,1,-1
1142,2025-05-29,2025-05-29 23:59:59.999,BCH,1d,424.41,409.4,427.86,405.3,5926.472,4570,-0.0359837335126389,0.024230890736600577,-1,1
1143,2025-05-30,2025-05-30 23:59:59.999,BCH,1d,409.31,397.92,414.31,394.35,6193.118,3632,-0.02844169317209458,-0.0359837335126389,-1,-1
1144,2025-05-31,2025-05-31 23:59:59.999,BCH,1d,398.07,414.71,422.64,389.13,5267.679,5729,0.04132850072372491,-0.02844169317209458,1,-1
1145,2025-06-01,2025-06-01 23:59:59.999,BCH,1d,414.76,402.96,415.29,395.68,2571.157,2517,-0.028742179341424437,0.04132850072372491,-1,1
1146,2025-06-02,2025-06-02 23:59:59.999,BCH,1d,403.12,403.5,407.02,396.96,1889.872,2650,0.0013391862726085714,-0.028742179341424437,1,-1
1147,2025-06-03,2025-06-03 23:59:59.999,BCH,1d,403.29,400.57,408.85,399.56,3130.827,3802,-0.0072879549510043076,0.0013391862726085714,-1,1
1148,2025-06-04,2025-06-04 23:59:59.999,BCH,1d,400.44,399.96,410.31,396.44,1209.941,1881,-0.001523990651350636,-0.0072879549510043076,-1,-1
1149,2025-06-05,2025-06-05 23:59:59.999,BCH,1d,399.92,384.78,404.49,377.71,4279.177,3101,-0.03869279971882215,-0.001523990651350636,-1,-1
1150,2025-06-06,2025-06-06 23:59:59.999,BCH,1d,384.86,395.51,399.22,380.42,1378.081,2147,0.02750432894929892,-0.03869279971882215,1,-1
1151,2025-06-07,2025-06-07 23:59:59.999,BCH,1d,395.61,408.84,411.56,393.75,1827.758,2518,0.033147810122749984,0.02750432894929892,1,1
1152,2025-06-08,2025-06-08 23:59:59.999,BCH,1d,409.16,410.82,419.39,405.92,3847.902,3144,0.00483128090015101,0.033147810122749984,1,1
1153,2025-06-09,2025-06-09 23:59:59.999,BCH,1d,410.82,425.06,429.44,410.43,3349.015,3229,0.03407517306951837,0.00483128090015101,1,1
1154,2025-06-10,2025-06-10 23:59:59.999,BCH,1d,424.84,438.35,443.61,418.23,5254.777,6217,0.030787342604049642,0.03407517306951837,1,1
1155,2025-06-11,2025-06-11 23:59:59.999,BCH,1d,438.37,428.3,446.88,419.13,8150.623,4878,-0.023193793413269305,0.030787342604049642,-1,1
1156,2025-06-12,2025-06-12 23:59:59.999,BCH,1d,428.53,424.33,441.48,423.2,6871.059,6026,-0.009312430222427174,-0.023193793413269305,-1,-1
1157,2025-06-13,2025-06-13 23:59:59.999,BCH,1d,423.55,448.44,453.91,397.39,14768.239,8354,0.05526343888649476,-0.009312430222427174,1,-1
1158,2025-06-14,2025-06-14 23:59:59.999,BCH,1d,449.03,430.53,449.53,420.29,7934.544,5147,-0.04075788543444269,0.05526343888649476,-1,1
1159,2025-06-15,2025-06-15 23:59:59.999,BCH,1d,430.65,460.14,469.23,430.65,10315.239,7799,0.06651378315387278,-0.04075788543444269,1,-1
1160,2025-06-16,2025-06-16 23:59:59.999,BCH,1d,460.14,463.11,476.08,450.54,16067.106,11757,0.00643381585703674,0.06651378315387278,1,1
1161,2025-06-17,2025-06-17 23:59:59.999,BCH,1d,463.44,462.57,482.69,456.63,7330.047,5305,-0.0011667100104886447,0.00643381585703674,-1,1
1162,2025-06-18,2025-06-18 23:59:59.999,BCH,1d,462.56,459.55,480.46,456.41,5030.244,4373,-0.00655014704725252,-0.0011667100104886447,-1,-1
1163,2025-06-19,2025-06-19 23:59:59.999,BCH,1d,459.55,496.47,502.7,452.68,15778.021,10791,0.07727530889484306,-0.00655014704725252,1,-1
1164,2025-06-20,2025-06-20 23:59:59.999,BCH,1d,496.86,473.14,499.76,472.0,13598.009,11455,-0.04813173091470035,0.07727530889484306,-1,1
1165,2025-06-21,2025-06-21 23:59:59.999,BCH,1d,473.4,466.71,477.49,457.47,8465.251,6959,-0.013683248017121554,-0.04813173091470035,-1,-1
1166,2025-06-22,2025-06-22 23:59:59.999,BCH,1d,467.12,454.17,470.18,436.59,10447.877,10255,-0.027236502475242626,-0.013683248017121554,-1,-1
1167,2025-06-23,2025-06-23 23:59:59.999,BCH,1d,454.41,462.94,469.01,437.53,9258.298,7240,0.01912587876404567,-0.027236502475242626,1,-1
1168,2025-06-24,2025-06-24 23:59:59.999,BCH,1d,462.08,453.2,466.47,448.46,4473.243,3359,-0.02126392690209151,0.01912587876404567,-1,1
1169,2025-06-25,2025-06-25 23:59:59.999,BCH,1d,453.33,482.63,494.36,453.17,16179.287,8601,0.06291678538724461,-0.02126392690209151,1,-1
1170,2025-06-26,2025-06-26 23:59:59.999,BCH,1d,482.53,488.58,505.83,481.55,11297.574,7846,0.012252910165999073,0.06291678538724461,1,1
1171,2025-06-27,2025-06-27 23:59:59.999,BCH,1d,488.59,504.44,509.91,484.53,11080.897,8500,0.03194567838057887,0.012252910165999073,1,1
1172,2025-06-28,2025-06-28 23:59:59.999,BCH,1d,504.39,491.06,504.58,486.36,5482.11,4869,-0.026882583166247115,0.03194567838057887,-1,1
1173,2025-06-29,2025-06-29 23:59:59.999,BCH,1d,490.84,503.69,508.32,488.04,5600.856,3785,0.025394679545948012,-0.026882583166247115,1,-1
1174,2025-06-30,2025-06-30 23:59:59.999,BCH,1d,504.22,505.72,522.23,487.92,6821.487,4971,0.004022156976322269,0.025394679545948012,1,1
1175,2025-07-01,2025-07-01 23:59:59.999,BCH,1d,505.63,499.81,535.24,497.7,34269.172,16539,-0.011755130239801164,0.004022156976322269,-1,1
1176,2025-07-02,2025-07-02 23:59:59.999,BCH,1d,499.95,510.23,511.47,498.38,3384.416,3739,0.02063357824553913,-0.011755130239801164,1,-1
1177,2025-07-03,2025-07-03 23:59:59.999,BCH,1d,510.33,496.21,514.43,490.4,9172.07,4516,-0.027862380230759876,0.02063357824553913,-1,1
1178,2025-07-04,2025-07-04 23:59:59.999,BCH,1d,496.2,483.55,496.24,468.69,7264.047,5547,-0.025844502055702843,-0.027862380230759876,-1,-1
1179,2025-07-05,2025-07-05 23:59:59.999,BCH,1d,483.72,488.68,489.14,480.32,3204.093,4952,0.01055315637288685,-0.025844502055702843,1,-1
1180,2025-07-06,2025-07-06 23:59:59.999,BCH,1d,488.89,491.01,499.87,482.34,2755.961,4288,0.004756615650043069,0.01055315637288685,1,1
1181,2025-07-07,2025-07-07 23:59:59.999,BCH,1d,491.05,496.04,499.58,487.07,3470.021,6353,0.010192074448669536,0.004756615650043069,1,1
1182,2025-07-08,2025-07-08 23:59:59.999,BCH,1d,496.13,500.66,507.96,493.65,8154.501,5106,0.009270659353517957,0.010192074448669536,1,1
1183,2025-07-09,2025-07-09 23:59:59.999,BCH,1d,500.76,514.28,516.26,499.04,7671.634,5854,0.02684063622795849,0.009270659353517957,1,1
1184,2025-07-10,2025-07-10 23:59:59.999,BCH,1d,514.28,518.0,520.7,501.0,6909.814,5171,0.007207378043435087,0.02684063622795849,1,1
1185,2025-07-11,2025-07-11 23:59:59.999,BCH,1d,518.02,531.49,538.51,513.76,4669.198,4373,0.025709140670074588,0.007207378043435087,1,1
1186,2025-07-12,2025-07-12 23:59:59.999,BCH,1d,531.0,505.59,535.05,501.81,2866.702,4646,-0.0499583187735193,0.025709140670074588,-1,1
1187,2025-07-13,2025-07-13 23:59:59.999,BCH,1d,505.91,507.63,512.3,500.73,4673.483,3572,0.004026771592606721,-0.0499583187735193,1,-1
1188,2025-07-14,2025-07-14 23:59:59.999,BCH,1d,507.8,504.85,526.84,497.5,15342.972,7948,-0.005491480298314889,0.004026771592606721,-1,1
1189,2025-07-15,2025-07-15 23:59:59.999,BCH,1d,504.69,497.41,505.36,481.78,6136.656,4684,-0.014846719739492522,-0.005491480298314889,-1,-1
1190,2025-07-16,2025-07-16 23:59:59.999,BCH,1d,497.4,498.91,508.77,491.26,6838.769,4037,0.0030110830522874586,-0.014846719739492522,1,-1
1191,2025-07-17,2025-07-17 23:59:59.999,BCH,1d,498.76,499.39,504.79,486.85,5216.935,5235,0.0009616348532297514,0.0030110830522874586,1,1
1192,2025-07-18,2025-07-18 23:59:59.999,BCH,1d,499.72,514.68,543.14,499.0,23193.784,12662,0.030157994700434686,0.0009616348532297514,1,1
1193,2025-07-19,2025-07-19 23:59:59.999,BCH,1d,515.06,513.49,522.41,501.89,8021.207,5020,-0.002314793334490336,0.030157994700434686,-1,1
1194,2025-07-20,2025-07-20 23:59:59.999,BCH,1d,513.48,548.27,554.01,510.33,11672.026,6510,0.06553731135849249,-0.002314793334490336,1,-1
1195,2025-07-21,2025-07-21 23:59:59.999,BCH,1d,548.45,523.24,549.03,517.36,17854.533,10255,-0.0467276165207652,0.06553731135849249,-1,1
1196,2025-07-22,2025-07-22 23:59:59.999,BCH,1d,523.12,526.68,535.91,511.78,7362.443,6794,0.006552903668116572,-0.0467276165207652,1,-1
1197,2025-07-23,2025-07-23 23:59:59.999,BCH,1d,526.73,512.35,530.3,499.35,9372.581,7139,-0.027585168242415876,0.006552903668116572,-1,1
1198,2025-07-24,2025-07-24 23:59:59.999,BCH,1d,512.05,513.23,529.21,490.35,13796.781,8074,0.0017161025292365634,-0.027585168242415876,1,-1
1199,2025-07-25,2025-07-25 23:59:59.999,BCH,1d,513.32,557.53,563.61,509.67,24700.922,13039,0.08279222577070768,0.0017161025292365634,1,1
1200,2025-07-26,2025-07-26 23:59:59.999,BCH,1d,557.56,559.33,563.69,551.83,4758.938,4316,0.0032233253200468215,0.08279222577070768,1,1
1201,2025-07-27,2025-07-27 23:59:59.999,BCH,1d,559.4,590.09,607.14,555.76,19208.474,9520,0.05353542877352384,0.0032233253200468215,1,1
1202,2025-07-28,2025-07-28 23:59:59.999,BCH,1d,590.04,572.89,605.44,569.39,10867.99,6737,-0.029581341430288843,0.05353542877352384,-1,1
1203,2025-07-29,2025-07-29 23:59:59.999,BCH,1d,572.98,564.39,600.09,560.4,9295.902,6306,-0.0149482243178042,-0.029581341430288843,-1,-1
1204,2025-07-30,2025-07-30 23:59:59.999,BCH,1d,564.38,589.7,594.58,545.64,6910.403,6547,0.04386843111530963,-0.0149482243178042,1,-1
1205,2025-07-31,2025-07-31 23:59:59.999,BCH,1d,589.9,561.37,596.81,559.83,7773.027,6362,-0.04923370834051484,0.04386843111530963,-1,1
1206,2025-08-01,2025-08-01 23:59:59.999,BCH,1d,561.36,535.5,574.6,525.88,12580.474,8355,-0.04717933477814024,-0.04923370834051484,-1,-1
1207,2025-08-02,2025-08-02 23:59:59.999,BCH,1d,535.89,520.34,543.89,517.53,4698.242,4676,-0.02871844582275007,-0.04717933477814024,-1,-1
1208,2025-08-03,2025-08-03 23:59:59.999,BCH,1d,519.93,544.11,547.27,514.34,2299.945,3629,0.044668988232388095,-0.02871844582275007,1,-1
1209,2025-08-04,2025-08-04 23:59:59.999,BCH,1d,544.28,574.14,580.92,544.2,7112.706,7237,0.053721836721784856,0.044668988232388095,1,1
1210,2025-08-05,2025-08-05 23:59:59.999,BCH,1d,574.32,551.48,584.14,541.65,7335.939,5950,-0.040267695715798156,0.053721836721784856,-1,1
1211,2025-08-06,2025-08-06 23:59:59.999,BCH,1d,551.39,570.85,573.28,547.53,7569.744,5270,0.034520904818908044,-0.040267695715798156,1,-1
1212,2025-08-07,2025-08-07 23:59:59.999,BCH,1d,570.85,581.97,584.96,567.61,10777.909,8543,0.019292421888788252,0.034520904818908044,1,1
1213,2025-08-08,2025-08-08 23:59:59.999,BCH,1d,582.06,585.75,589.17,573.15,4604.995,4186,0.006474177376780642,0.019292421888788252,1,1
1214,2025-08-09,2025-08-09 23:59:59.999,BCH,1d,586.11,566.51,592.25,565.18,12756.739,8269,-0.03339834482498121,0.006474177376780642,-1,1
1215,2025-08-10,2025-08-10 23:59:59.999,BCH,1d,566.28,570.86,586.73,559.7,6455.732,6587,0.00764926314268707,-0.03339834482498121,1,-1
1216,2025-08-11,2025-08-11 23:59:59.999,BCH,1d,570.75,578.82,599.96,570.22,14983.75,9142,0.013847552704906516,0.00764926314268707,1,1
1217,2025-08-12,2025-08-12 23:59:59.999,BCH,1d,578.76,619.57,626.84,578.48,13689.901,8619,0.06803414062558161,0.013847552704906516,1,1
1218,2025-08-13,2025-08-13 23:59:59.999,BCH,1d,619.58,616.45,632.81,601.95,17598.642,11107,-0.005048472721537105,0.06803414062558161,-1,1
1219,2025-08-14,2025-08-14 23:59:59.999,BCH,1d,616.64,593.19,627.63,580.15,10001.632,6662,-0.03846246391371384,-0.005048472721537105,-1,-1
1220,2025-08-15,2025-08-15 23:59:59.999,BCH,1d,593.09,592.26,601.78,579.01,4116.942,4727,-0.0015690247429964565,-0.03846246391371384,-1,-1
1221,2025-08-16,2025-08-16 23:59:59.999,BCH,1d,592.36,587.61,597.72,576.63,1734.171,3151,-0.007882265123090034,-0.0015690247429964565,-1,-1
1222,2025-08-17,2025-08-17 23:59:59.999,BCH,1d,587.41,582.1,592.05,580.42,1546.602,3640,-0.009421208257071672,-0.007882265123090034,-1,-1
1223,2025-08-18,2025-08-18 23:59:59.999,BCH,1d,581.76,568.87,582.38,560.58,4112.246,4605,-0.02299031725659169,-0.009421208257071672,-1,-1
1224,2025-08-19,2025-08-19 23:59:59.999,BCH,1d,568.67,548.04,573.28,547.33,4067.597,4602,-0.037303660036190345,-0.02299031725659169,-1,-1
1225,2025-08-20,2025-08-20 23:59:59.999,BCH,1d,548.36,560.64,562.37,542.9,2479.639,3864,0.02273071132306397,-0.037303660036190345,1,-1
1226,2025-08-21,2025-08-21 23:59:59.999,BCH,1d,560.67,554.14,564.73,549.96,1215.919,2816,-0.01166162590464315,0.02273071132306397,-1,1
1227,2025-08-22,2025-08-22 23:59:59.999,BCH,1d,554.12,599.96,607.75,550.49,6788.15,7379,0.07944562392383002,-0.01166162590464315,1,-1
1228,2025-08-23,2025-08-23 23:59:59.999,BCH,1d,600.0,591.11,601.8,583.48,3920.321,4217,-0.014860861028702769,0.07944562392383002,-1,1
1229,2025-08-24,2025-08-24 23:59:59.999,BCH,1d,591.39,583.04,599.93,581.27,6821.667,4714,-0.01374633066691719,-0.014860861028702769,-1,-1
1230,2025-08-25,2025-08-25 23:59:59.999,BCH,1d,583.26,543.07,589.21,535.98,5711.417,5377,-0.07101756956239655,-0.01374633066691719,-1,-1
1231,2025-08-26,2025-08-26 23:59:59.999,BCH,1d,543.3,550.12,554.71,532.47,4441.083,5071,0.012898211177364892,-0.07101756956239655,1,-1
1232,2025-08-27,2025-08-27 23:59:59.999,BCH,1d,550.55,550.19,562.5,543.79,5150.306,4778,0.0001272368697813137,0.012898211177364892,1,1
1233,2025-08-28,2025-08-28 23:59:59.999,BCH,1d,550.1,557.63,566.21,547.37,3619.436,3857,0.013431986891358114,0.0001272368697813137,1,1
1234,2025-08-29,2025-08-29 23:59:59.999,BCH,1d,557.95,530.54,560.09,527.15,10476.041,7922,-0.049800304230584055,0.013431986891358114,-1,1
1235,2025-08-30,2025-08-30 23:59:59.999,BCH,1d,530.71,552.64,553.88,524.15,2377.318,4066,0.040811439181251435,-0.049800304230584055,1,-1
1236,2025-08-31,2025-08-31 23:59:59.999,BCH,1d,552.64,544.16,554.4,542.42,4170.783,7461,-0.015463473699428472,0.040811439181251435,-1,1
1237,2025-09-01,2025-09-01 23:59:59.999,BCH,1d,544.11,545.38,551.84,530.01,5506.806,7558,0.002239478146529637,-0.015463473699428472,1,-1
1238,2025-09-02,2025-09-02 23:59:59.999,BCH,1d,545.4,584.63,587.13,543.54,7478.18,8550,0.069496369094976,0.002239478146529637,1,1
1239,2025-09-03,2025-09-03 23:59:59.999,BCH,1d,584.45,604.04,606.06,578.55,52686.632,39001,0.032661252407197375,0.069496369094976,1,1
1240,2025-09-04,2025-09-04 23:59:59.999,BCH,1d,604.04,587.16,605.01,583.83,10685.595,11584,-0.028343065818555852,0.032661252407197375,-1,1
1241,2025-09-05,2025-09-05 23:59:59.999,BCH,1d,586.84,606.97,621.53,585.19,22734.794,27863,0.03318201135535004,-0.028343065818555852,1,-1
1242,2025-09-06,2025-09-06 23:59:59.999,BCH,1d,607.34,595.74,617.4,584.05,5506.023,6520,-0.018675036170824735,0.03318201135535004,-1,1
1243,2025-09-07,2025-09-07 23:59:59.999,BCH,1d,595.74,603.75,608.71,593.82,2359.355,4318,0.013355874693224636,-0.018675036170824735,1,-1
1244,2025-09-08,2025-09-08 23:59:59.999,BCH,1d,603.62,589.39,606.5,586.03,7480.446,9239,-0.02407210121363431,0.013355874693224636,-1,1
1245,2025-09-09,2025-09-09 23:59:59.999,BCH,1d,588.76,581.27,591.13,575.24,5346.168,13755,-0.013872738841393872,-0.02407210121363431,-1,-1
1246,2025-09-10,2025-09-10 23:59:59.999,BCH,1d,580.68,580.81,591.18,576.89,16243.391,16434,-0.0007916839185356721,-0.013872738841393872,-1,-1
1247,2025-09-11,2025-09-11 23:59:59.999,BCH,1d,580.8,596.22,603.45,576.45,51686.611,26212,0.026186045478108468,-0.0007916839185356721,1,-1
1248,2025-09-12,2025-09-12 23:59:59.999,BCH,1d,596.32,598.23,601.84,587.17,6407.128,10964,0.003365568918382936,0.026186045478108468,1,1
1249,2025-09-13,2025-09-13 23:59:59.999,BCH,1d,598.19,598.3,605.25,593.79,3578.31,7899,0.00011700500627620981,0.003365568918382936,1,1
1250,2025-09-14,2025-09-14 23:59:59.999,BCH,1d,598.48,601.01,604.15,587.92,3780.802,6254,0.004519272935904144,0.00011700500627620981,1,1
1251,2025-09-15,2025-09-15 23:59:59.999,BCH,1d,600.97,593.2,604.94,587.59,11483.457,12230,-0.01307996306811311,0.004519272935904144,-1,1
1252,2025-09-16,2025-09-16 23:59:59.999,BCH,1d,593.36,598.27,601.21,588.73,2340.671,4277,0.008510546805857363,-0.01307996306811311,1,-1
1253,2025-09-17,2025-09-17 23:59:59.999,BCH,1d,597.7,616.49,625.1,590.11,5362.374,5333,0.029999944803046977,0.008510546805857363,1,1
1254,2025-09-18,2025-09-18 23:59:59.999,BCH,1d,616.67,624.3,650.77,612.06,9022.644,9514,0.012588920195016893,0.029999944803046977,1,1
1255,2025-09-19,2025-09-19 23:59:59.999,BCH,1d,624.25,600.68,631.9,598.07,8045.882,14400,-0.038568675255618474,0.012588920195016893,-1,1
1256,2025-09-20,2025-09-20 23:59:59.999,BCH,1d,600.68,594.69,606.37,593.78,1882.667,4247,-0.01002208544185056,-0.038568675255618474,-1,-1
1257,2025-09-21,2025-09-21 23:59:59.999,BCH,1d,594.68,593.45,602.29,593.45,2057.826,4074,-0.0020872968677150315,-0.01002208544185056,-1,-1
1258,2025-09-22,2025-09-22 23:59:59.999,BCH,1d,593.49,567.04,594.57,553.21,6070.334,5395,-0.045523116525852954,-0.0020872968677150315,-1,-1
1259,2025-09-23,2025-09-23 23:59:59.999,BCH,1d,567.03,556.42,569.64,553.62,1523.475,3043,-0.018906443210344546,-0.045523116525852954,-1,-1
1260,2025-09-24,2025-09-24 23:59:59.999,BCH,1d,556.67,556.03,563.54,547.74,1897.809,3811,-0.0007011551368197659,-0.018906443210344546,-1,-1
1261,2025-09-25,2025-09-25 23:59:59.999,BCH,1d,556.23,536.03,557.23,532.94,3758.871,5190,-0.03663211997571174,-0.0007011551368197659,-1,-1
1262,2025-09-26,2025-09-26 23:59:59.999,BCH,1d,536.15,547.93,550.59,534.04,5564.612,3739,0.021957411908858367,-0.03663211997571174,1,-1
1263,2025-09-27,2025-09-27 23:59:59.999,BCH,1d,547.94,543.5,547.94,539.54,1556.086,3600,-0.008117835001379626,0.021957411908858367,-1,1
1264,2025-09-28,2025-09-28 23:59:59.999,BCH,1d,543.5,555.97,557.84,535.63,1628.629,3781,0.022684629399063627,-0.008117835001379626,1,-1
1265,2025-09-29,2025-09-29 23:59:59.999,BCH,1d,555.96,560.59,562.82,549.81,1896.413,3591,0.008275464580579305,0.022684629399063627,1,1
1266,2025-09-30,2025-09-30 23:59:59.999,BCH,1d,560.29,560.22,562.77,549.1,2532.998,4257,-0.0006602368170174538,0.008275464580579305,-1,1
1267,2025-10-01,2025-10-01 23:59:59.999,BCH,1d,560.84,592.92,598.83,559.06,7089.82,5594,0.05672991892176934,-0.0006602368170174538,1,-1
1268,2025-10-02,2025-10-02 23:59:59.999,BCH,1d,592.55,594.36,597.93,581.12,12737.7,8565,0.0024257137424878858,0.05672991892176934,1,1
1269,2025-10-03,2025-10-03 23:59:59.999,BCH,1d,594.47,608.41,615.67,590.76,7917.094,7002,0.023363800416810424,0.0024257137424878858,1,1
1270,2025-10-04,2025-10-04 23:59:59.999,BCH,1d,608.43,590.62,609.43,584.78,3610.542,4650,-0.029676164201249022,0.023363800416810424,-1,1
1271,2025-10-05,2025-10-05 23:59:59.999,BCH,1d,590.41,594.55,612.17,588.07,7013.536,5672,0.006631984279879547,-0.029676164201249022,1,-1
1272,2025-10-06,2025-10-06 23:59:59.999,BCH,1d,594.55,599.6,607.32,592.4,4210.278,4865,0.008457949344854889,0.006631984279879547,1,1
1273,2025-10-07,2025-10-07 23:59:59.999,BCH,1d,599.47,576.65,600.33,574.47,12023.503,9087,-0.03902726955649504,0.008457949344854889,-1,1
1274,2025-10-08,2025-10-08 23:59:59.999,BCH,1d,576.45,583.29,587.63,573.14,1857.301,4067,0.011448993103896249,-0.03902726955649504,1,-1
1275,2025-10-09,2025-10-09 23:59:59.999,BCH,1d,583.67,580.01,594.47,568.1,9441.612,4337,-0.0056391450046994395,0.011448993103896249,-1,1
1276,2025-10-10,2025-10-10 23:59:59.999,BCH,1d,579.95,513.04,600.87,439.46,29322.071,19185,-0.12269152993053707,-0.0056391450046994395,-1,-1
1277,2025-10-11,2025-10-11 23:59:59.999,BCH,1d,512.85,499.35,539.39,478.2,6541.181,7938,-0.02704656215146368,-0.12269152993053707,-1,-1
1278,2025-10-12,2025-10-12 23:59:59.999,BCH,1d,499.77,540.21,544.64,495.05,4522.26,4476,0.07865070016038016,-0.02704656215146368,1,-1
1279,2025-10-13,2025-10-13 23:59:59.999,BCH,1d,540.27,546.05,548.85,531.09,4602.664,4169,0.01075259379421346,0.07865070016038016,1,1
1280,2025-10-14,2025-10-14 23:59:59.999,BCH,1d,546.22,537.85,546.58,507.72,7294.329,4706,-0.01513083576572278,0.01075259379421346,-1,1
1281,2025-10-15,2025-10-15 23:59:59.999,BCH,1d,537.94,521.96,545.53,517.33,3801.611,3190,-0.029988754283968286,-0.01513083576572278,-1,-1
1282,2025-10-16,2025-10-16 23:59:59.999,BCH,1d,521.87,504.36,529.05,501.3,5317.857,3533,-0.03430065778902045,-0.029988754283968286,-1,-1
1283,2025-10-17,2025-10-17 23:59:59.999,BCH,1d,504.37,469.37,510.25,443.23,6910.052,5086,-0.07189892880674652,-0.03430065778902045,-1,-1
1284,2025-10-18,2025-10-18 23:59:59.999,BCH,1d,469.49,467.9,479.32,461.99,1770.066,2800,-0.0031367721261085757,-0.07189892880674652,-1,-1
1285,2025-10-19,2025-10-19 23:59:59.999,BCH,1d,467.94,472.08,477.8,456.66,4712.117,3579,0.008893864876742832,-0.0031367721261085757,1,-1
1286,2025-10-20,2025-10-20 23:59:59.999,BCH,1d,472.09,478.53,486.0,466.94,9622.734,4646,0.013570442103553074,0.008893864876742832,1,1
1287,2025-10-21,2025-10-21 23:59:59.999,BCH,1d,478.45,480.42,514.34,463.66,11427.851,5329,0.003941816460131089,0.013570442103553074,1,1
1288,2025-10-22,2025-10-22 23:59:59.999,BCH,1d,480.46,472.88,484.06,462.59,8608.853,5105,-0.01581906479648341,0.003941816460131089,-1,1
1289,2025-10-23,2025-10-23 23:59:59.999,BCH,1d,472.88,479.96,491.03,472.44,10027.978,5717,0.01486111058007407,-0.01581906479648341,1,-1
1290,2025-10-24,2025-10-24 23:59:59.999,BCH,1d,480.03,502.69,507.06,478.16,4348.659,4189,0.046270910824413834,0.01486111058007407,1,1
1291,2025-10-25,2025-10-25 23:59:59.999,BCH,1d,502.89,507.45,512.33,495.82,3161.648,4005,0.00942450597422512,0.046270910824413834,1,1
1292,2025-10-26,2025-10-26 23:59:59.999,BCH,1d,508.1,558.57,564.79,507.78,10058.41,6740,0.09598176248124352,0.00942450597422512,1,1
1293,2025-10-27,2025-10-27 23:59:59.999,BCH,1d,558.57,555.58,571.99,553.2,9838.409,5626,-0.005367333264024159,0.09598176248124352,-1,1
1294,2025-10-28,2025-10-28 23:59:59.999,BCH,1d,555.39,557.06,570.54,549.94,11003.756,5346,0.00266034094204936,-0.005367333264024159,1,-1
1295,2025-10-29,2025-10-29 23:59:59.999,BCH,1d,557.1,555.4,566.18,547.3,7412.358,4849,-0.0029843791813966404,0.00266034094204936,-1,1
1296,2025-10-30,2025-10-30 23:59:59.999,BCH,1d,555.39,541.08,575.68,527.3,8648.099,6041,-0.02612143265170591,-0.0029843791813966404,-1,-1
1297,2025-10-31,2025-10-31 23:59:59.999,BCH,1d,540.58,534.57,567.6,532.82,6668.957,4636,-0.012104456813560049,-0.02612143265170591,-1,-1
1298,2025-11-01,2025-11-01 23:59:59.999,BCH,1d,534.6,553.77,560.19,530.77,3160.541,4014,0.03528675268118508,-0.012104456813560049,1,-1
1299,2025-11-02,2025-11-02 23:59:59.999,BCH,1d,553.67,536.64,555.68,522.66,3301.585,3941,-0.03142195945377433,0.03528675268118508,-1,1
1300,2025-11-03,2025-11-03 23:59:59.999,BCH,1d,536.37,505.37,536.42,494.0,6486.92,5314,-0.06003664436618563,-0.03142195945377433,-1,-1
1301,2025-11-04,2025-11-04 23:59:59.999,BCH,1d,504.87,479.8,512.17,460.35,8988.417,6969,-0.05192148386306417,-0.06003664436618563,-1,-1
1302,2025-11-05,2025-11-05 23:59:59.999,BCH,1d,479.8,489.0,494.03,460.25,3135.09,5019,0.018993139069277902,-0.05192148386306417,1,-1
1303,2025-11-06,2025-11-06 23:59:59.999,BCH,1d,488.65,472.37,489.17,464.05,2534.262,3627,-0.03459991267203501,0.018993139069277902,-1,1
1304,2025-11-07,2025-11-07 23:59:59.999,BCH,1d,472.29,511.77,523.52,470.13,17226.657,7278,0.08011272855770071,-0.03459991267203501,1,-1
1305,2025-11-08,2025-11-08 23:59:59.999,BCH,1d,512.8,495.35,515.03,485.95,2197.153,3278,-0.03261072194149847,0.08011272855770071,-1,1
1306,2025-11-09,2025-11-09 23:59:59.999,BCH,1d,495.24,503.29,506.72,488.68,3336.978,2783,0.01590196130039872,-0.03261072194149847,1,-1
1307,2025-11-10,2025-11-10 23:59:59.999,BCH,1d,503.25,516.78,524.0,500.76,3150.228,3869,0.026450707309699128,0.01590196130039872,1,1
1308,2025-11-11,2025-11-11 23:59:59.999,BCH,1d,517.21,505.13,531.8,503.55,5901.883,5319,-0.0228014301395243,0.026450707309699128,-1,1
1309,2025-11-12,2025-11-12 23:59:59.999,BCH,1d,505.41,506.91,531.89,498.08,7094.452,4774,0.0035176511510553185,-0.0228014301395243,1,-1
1310,2025-11-13,2025-11-13 23:59:59.999,BCH,1d,506.91,509.07,530.38,493.48,13998.784,10519,0.004252058612176255,0.0035176511510553185,1,1
1311,2025-11-14,2025-11-14 23:59:59.999,BCH,1d,508.9,479.41,517.36,475.69,9100.732,5861,-0.060029350462521947,0.004252058612176255,-1,1
1312,2025-11-15,2025-11-15 23:59:59.999,BCH,1d,479.45,502.19,519.02,479.45,3172.217,3609,0.04642235294940423,-0.060029350462521947,1,-1
1313,2025-11-16,2025-11-16 23:59:59.999,BCH,1d,502.07,483.21,504.12,472.46,2732.779,3617,-0.03852719236902922,0.04642235294940423,-1,1
1314,2025-11-17,2025-11-17 23:59:59.999,BCH,1d,483.13,490.32,515.2,480.57,4950.026,4480,0.01460689740677887,-0.03852719236902922,1,-1
1315,2025-11-18,2025-11-18 23:59:59.999,BCH,1d,490.32,523.18,536.97,475.55,10827.08,6813,0.06486733393517481,0.01460689740677887,1,1
1316,2025-11-19,2025-11-19 23:59:59.999,BCH,1d,523.06,486.08,523.29,470.37,9731.16,6026,-0.073552353705243,0.06486733393517481,-1,1
1317,2025-11-20,2025-11-20 23:59:59.999,BCH,1d,486.22,480.32,512.55,473.84,5765.16,5140,-0.01192067096231085,-0.073552353705243,-1,-1
1318,2025-11-21,2025-11-21 23:59:59.999,BCH,1d,480.3,533.52,547.27,445.72,19717.725,12410,0.10504400987895363,-0.01192067096231085,1,-1
1319,2025-11-22,2025-11-22 23:59:59.999,BCH,1d,533.74,556.08,568.75,521.32,35973.369,17179,0.0414156104681798,0.10504400987895363,1,1
1320,2025-11-23,2025-11-23 23:59:59.999,BCH,1d,556.15,539.39,558.23,536.51,22459.283,14926,-0.030473297375990565,0.0414156104681798,-1,1
1321,2025-11-24,2025-11-24 23:59:59.999,BCH,1d,539.1,549.01,562.94,537.03,18331.895,10777,0.017677784863648374,-0.030473297375990565,1,-1
1322,2025-11-25,2025-11-25 23:59:59.999,BCH,1d,548.98,526.91,549.7,515.97,12688.07,8887,-0.04108690031136212,0.017677784863648374,-1,1
1323,2025-11-26,2025-11-26 23:59:59.999,BCH,1d,526.97,543.42,586.86,524.38,17121.947,10510,0.030852745646385654,-0.04108690031136212,1,-1
1324,2025-11-27,2025-11-27 23:59:59.999,BCH,1d,543.39,532.56,550.83,530.87,6944.839,6481,-0.02018693432246402,0.030852745646385654,-1,1
1325,2025-11-28,2025-11-28 23:59:59.999,BCH,1d,532.56,548.39,553.95,530.2,9988.014,7792,0.029291145364391973,-0.02018693432246402,1,-1
1326,2025-11-29,2025-11-29 23:59:59.999,BCH,1d,548.41,521.19,548.62,517.19,7433.662,7226,-0.05087205408292217,0.029291145364391973,-1,1
1327,2025-11-30,2025-11-30 23:59:59.999,BCH,1d,521.29,540.39,561.72,518.11,7950.818,8076,0.036176442529658875,-0.05087205408292217,1,-1
1328,2025-12-01,2025-12-01 23:59:59.999,BCH,1d,540.45,522.79,544.22,508.31,13286.074,8385,-0.03311124730997527,0.036176442529658875,-1,1
1329,2025-12-02,2025-12-02 23:59:59.999,BCH,1d,522.76,544.91,557.77,519.68,8798.958,6500,0.04144078961824649,-0.03311124730997527,1,-1
1330,2025-12-03,2025-12-03 23:59:59.999,BCH,1d,544.93,590.38,607.54,543.39,20073.671,14725,0.0801457539618792,0.04144078961824649,1,1
1331,2025-12-04,2025-12-04 23:59:59.999,BCH,1d,590.25,574.63,598.2,566.62,12867.126,9131,-0.027040041958239044,0.0801457539618792,-1,1
1332,2025-12-05,2025-12-05 23:59:59.999,BCH,1d,574.61,559.33,583.1,556.63,16655.616,9954,-0.02698671654977011,-0.027040041958239044,-1,-1
1333,2025-12-06,2025-12-06 23:59:59.999,BCH,1d,559.16,583.08,596.14,557.61,16138.201,9485,0.04158475934009395,-0.02698671654977011,1,-1
1334,2025-12-07,2025-12-07 23:59:59.999,BCH,1d,583.23,598.26,604.59,567.19,23045.413,14346,0.025701043862944452,0.04158475934009395,1,1
1335,2025-12-08,2025-12-08 23:59:59.999,BCH,1d,598.05,578.5,605.19,575.43,12724.394,8998,-0.03358689543502529,0.025701043862944452,-1,1
1336,2025-12-09,2025-12-09 23:59:59.999,BCH,1d,578.68,584.38,592.0,569.69,11442.372,8796,0.01011290952234917,-0.03358689543502529,1,-1
1337,2025-12-10,2025-12-10 23:59:59.999,BCH,1d,584.25,572.29,588.29,558.41,12524.743,9480,-0.020905600246821216,0.01011290952234917,-1,1
1338,2025-12-11,2025-12-11 23:59:59.999,BCH,1d,572.45,573.84,576.33,550.83,7515.546,6352,0.0027047559089198856,-0.020905600246821216,1,-1
1339,2025-12-12,2025-12-12 23:59:59.999,BCH,1d,573.83,581.5,587.27,567.8,5463.063,6525,0.013260360140540004,0.0027047559089198856,1,1
1340,2025-12-13,2025-12-13 23:59:59.999,BCH,1d,581.35,579.8,586.29,568.77,2100.168,4483,-0.0029277554711640203,0.013260360140540004,-1,1
1341,2025-12-14,2025-12-14 23:59:59.999,BCH,1d,579.55,557.74,584.67,553.21,5879.216,5784,-0.03879031251538283,-0.0029277554711640203,-1,-1
1342,2025-12-15,2025-12-15 23:59:59.999,BCH,1d,557.85,535.41,572.57,518.27,9377.512,7744,-0.04086009543613863,-0.03879031251538283,-1,-1
1343,2025-12-16,2025-12-16 23:59:59.999,BCH,1d,535.44,545.78,556.81,527.5,5245.92,6778,0.019183155607674002,-0.04086009543613863,1,-1
1344,2025-12-17,2025-12-17 23:59:59.999,BCH,1d,545.72,545.91,568.17,541.34,11795.927,9202,0.00023816284955331785,0.019183155607674002,1,1
1345,2025-12-18,2025-12-18 23:59:59.999,BCH,1d,546.17,565.33,578.61,516.64,32301.068,18225,0.03495550444667997,0.00023816284955331785,1,1
1346,2025-12-19,2025-12-19 23:59:59.999,BCH,1d,565.41,624.63,631.38,557.01,37785.317,17321,0.09974984299527175,0.03495550444667997,1,1
1347,2025-12-20,2025-12-20 23:59:59.999,BCH,1d,624.53,591.8,625.65,586.86,13388.097,10266,-0.053990734469103394,0.09974984299527175,-1,1
1348,2025-12-21,2025-12-21 23:59:59.999,BCH,1d,591.49,590.52,602.32,576.91,9361.956,8285,-0.0021652353002221147,-0.053990734469103394,-1,-1
1349,2025-12-22,2025-12-22 23:59:59.999,BCH,1d,590.74,589.7,598.3,573.02,11916.849,8161,-0.0013895716594285897,-0.0021652353002221147,-1,-1
1350,2025-12-23,2025-12-23 23:59:59.999,BCH,1d,589.7,572.2,593.18,568.9,5994.882,5695,-0.030125352390448567,-0.0013895716594285897,-1,-1
1351,2025-12-24,2025-12-24 23:59:59.999,BCH,1d,572.2,568.29,579.39,563.1,3584.266,5039,-0.006856728807712893,-0.030125352390448567,-1,-1
1352,2025-12-25,2025-12-25 23:59:59.999,BCH,1d,568.36,589.75,599.51,566.19,9719.028,7004,0.037066866479487356,-0.006856728807712893,1,-1
1353,2025-12-26,2025-12-26 23:59:59.999,BCH,1d,589.18,594.23,613.92,586.83,12434.425,7887,0.007567731517405293,0.037066866479487356,1,1
1354,2025-12-27,2025-12-27 23:59:59.999,BCH,1d,594.65,622.76,624.85,593.15,11990.626,10242,0.04689476201628398,0.007567731517405293,1,1
1355,2025-12-28,2025-12-28 23:59:59.999,BCH,1d,622.83,621.89,637.0,610.23,13041.78,9991,-0.0013979835964985955,0.04689476201628398,-1,1
1356,2025-12-29,2025-12-29 23:59:59.999,BCH,1d,621.84,599.12,626.61,592.72,13304.145,8855,-0.03730131628386354,-0.0013979835964985955,-1,-1
1357,2025-12-30,2025-12-30 23:59:59.999,BCH,1d,599.09,595.62,607.77,591.15,8895.494,5409,-0.005859032111426176,-0.03730131628386354,-1,-1
1358,2025-12-31,2025-12-31 23:59:59.999,BCH,1d,595.59,599.46,603.23,593.07,4828.15,4453,0.006426370143296886,-0.005859032111426176,1,-1
1359,2026-01-01,2026-01-01 23:59:59.999,BCH,1d,599.31,592.76,605.84,585.95,8256.62,5505,-0.011239654651004554,0.006426370143296886,-1,1
1360,2026-01-02,2026-01-02 23:59:59.999,BCH,1d,593.15,609.69,618.1,585.0,11045.968,7221,0.028161035948347752,-0.011239654651004554,1,-1
1361,2026-01-03,2026-01-03 23:59:59.999,BCH,1d,609.81,654.71,663.68,608.45,31450.356,17180,0.07124175823144759,0.028161035948347752,1,1
1362,2026-01-04,2026-01-04 23:59:59.999,BCH,1d,654.68,639.31,663.05,635.43,23099.365,14475,-0.02380291974287214,0.07124175823144759,-1,1
1363,2026-01-05,2026-01-05 23:59:59.999,BCH,1d,639.32,645.68,669.19,638.87,18296.948,11694,0.009914555257216098,-0.02380291974287214,1,-1
1364,2026-01-06,2026-01-06 23:59:59.999,BCH,1d,645.57,638.14,656.42,624.93,20073.95,10848,-0.011746330007149553,0.009914555257216098,-1,1
1365,2026-01-07,2026-01-07 23:59:59.999,BCH,1d,637.75,629.06,637.76,622.42,9049.933,7251,-0.014331053350662341,-0.011746330007149553,-1,-1
1366,2026-01-08,2026-01-08 23:59:59.999,BCH,1d,628.99,631.85,653.11,618.76,19753.501,11126,0.004425382546384838,-0.014331053350662341,1,-1
1367,2026-01-09,2026-01-09 23:59:59.999,BCH,1d,631.86,634.33,642.02,625.51,7485.035,6777,0.0039172995487970355,0.004425382546384838,1,1
1368,2026-01-10,2026-01-10 23:59:59.999,BCH,1d,634.44,643.38,649.94,630.73,7622.042,7272,0.014166205706622411,0.0039172995487970355,1,1
1369,2026-01-11,2026-01-11 23:59:59.999,BCH,1d,643.37,648.22,664.86,640.22,12216.96,10097,0.007494615445825302,0.014166205706622411,1,1
1370,2026-01-12,2026-01-12 23:59:59.999,BCH,1d,648.62,621.09,660.78,612.94,23786.861,16043,-0.0427541459372046,0.007494615445825302,-1,1
1371,2026-01-13,2026-01-13 23:59:59.999,BCH,1d,621.11,616.59,625.64,605.31,21555.451,11792,-0.00727170161770276,-0.0427541459372046,-1,-1
1372,2026-01-14,2026-01-14 23:59:59.999,BCH,1d,616.59,597.14,618.93,594.61,20873.944,10684,-0.032052705587980276,-0.00727170161770276,-1,-1
1373,2026-01-15,2026-01-15 23:59:59.999,BCH,1d,597.23,590.53,629.37,574.61,27535.158,15823,-0.011131153013081527,-0.032052705587980276,-1,-1
1374,2026-01-16,2026-01-16 23:59:59.999,BCH,1d,590.56,599.07,606.47,589.34,7926.235,7655,0.014358013973444645,-0.011131153013081527,1,-1
1375,2026-01-17,2026-01-17 23:59:59.999,BCH,1d,599.02,593.71,602.29,588.61,4111.719,6047,-0.008987468064965629,0.014358013973444645,-1,1
1376,2026-01-18,2026-01-18 23:59:59.999,BCH,1d,593.72,591.12,601.41,587.66,5447.114,5071,-0.004371942178052167,-0.008987468064965629,-1,-1
1377,2026-01-19,2026-01-19 23:59:59.999,BCH,1d,591.02,583.57,594.11,514.21,12391.861,8826,-0.012854632225014637,-0.004371942178052167,-1,-1
1378,2026-01-20,2026-01-20 23:59:59.999,BCH,1d,583.61,572.64,586.7,563.24,8643.515,7295,-0.01890716323766192,-0.012854632225014637,-1,-1
1379,2026-01-21,2026-01-21 23:59:59.999,BCH,1d,572.73,584.61,597.31,570.4,7672.006,7777,0.02068771122643717,-0.01890716323766192,1,-1
1380,2026-01-22,2026-01-22 23:59:59.999,BCH,1d,584.44,598.68,603.24,584.17,3053.906,4822,0.023782273416793523,0.02068771122643717,1,1
1381,2026-01-23,2026-01-23 23:59:59.999,BCH,1d,598.78,595.32,600.73,586.13,2666.88,4550,-0.005628155559988336,0.023782273416793523,-1,1
1382,2026-01-24,2026-01-24 23:59:59.999,BCH,1d,595.3,593.04,598.43,590.28,1357.538,3593,-0.0038372257524936304,-0.005628155559988336,-1,-1
1383,2026-01-25,2026-01-25 23:59:59.999,BCH,1d,593.14,571.28,595.27,564.66,3425.179,4827,-0.0373823931076098,-0.0038372257524936304,-1,-1
1384,2026-01-26,2026-01-26 23:59:59.999,BCH,1d,571.64,578.28,582.69,571.03,2811.188,5152,0.012178723199387237,-0.0373823931076098,1,-1
1385,2026-01-27,2026-01-27 23:59:59.999,BCH,1d,578.25,599.87,603.51,577.04,5655.001,6002,0.03665478463362495,0.012178723199387237,1,1
1386,2026-01-28,2026-01-28 23:59:59.999,BCH,1d,599.81,590.76,601.56,587.81,3533.024,4825,-0.015303121515757027,0.03665478463362495,-1,1
1387,2026-01-29,2026-01-29 23:59:59.999,BCH,1d,590.89,554.04,591.31,547.0,7128.325,7607,-0.06417295725121172,-0.015303121515757027,-1,-1
1388,2026-01-30,2026-01-30 23:59:59.999,BCH,1d,553.74,552.78,559.5,533.36,6648.888,7832,-0.002276793958002195,-0.06417295725121172,-1,-1
1389,2026-01-31,2026-01-31 23:59:59.999,BCH,1d,553.16,507.01,553.72,469.69,17469.507,10479,-0.08642936508634763,-0.002276793958002195,-1,-1
1390,2026-02-01,2026-02-01 23:59:59.999,BCH,1d,507.02,515.51,537.57,505.82,8864.217,7980,0.016625974648410466,-0.08642936508634763,1,-1
1391,2026-02-02,2026-02-02 23:59:59.999,BCH,1d,515.84,539.34,543.74,497.03,12249.884,8750,0.04518946790240446,0.016625974648410466,1,1
1392,2026-02-03,2026-02-03 23:59:59.999,BCH,1d,539.28,526.57,541.6,509.35,9025.927,7703,-0.023961893610574655,0.04518946790240446,-1,1
1393,2026-02-04,2026-02-04 23:59:59.999,BCH,1d,526.52,531.89,539.01,515.05,7120.25,6643,0.010052424842336715,-0.023961893610574655,1,-1
1394,2026-02-05,2026-02-05 23:59:59.999,BCH,1d,532.07,453.46,541.91,452.37,23711.848,17481,-0.15952963824662858,0.010052424842336715,-1,1
1395,2026-02-06,2026-02-06 23:59:59.999,BCH,1d,453.42,523.19,540.8,420.85,20830.146,13896,0.14303762401198683,-0.15952963824662858,1,-1
1396,2026-02-07,2026-02-07 23:59:59.999,BCH,1d,523.03,525.36,539.64,514.07,19826.971,11641,0.004139055072233791,0.14303762401198683,1,1
1397,2026-02-08,2026-02-08 23:59:59.999,BCH,1d,525.05,526.32,542.48,516.88,10248.871,6634,0.0018256508950253642,0.004139055072233791,1,1
1398,2026-02-09,2026-02-09 23:59:59.999,BCH,1d,526.78,532.8,537.82,511.0,9891.6,12613,0.012236726448436645,0.0018256508950253642,1,1
1399,2026-02-10,2026-02-10 23:59:59.999,BCH,1d,532.8,524.3,533.91,512.0,11627.326,13441,-0.016082079647692274,0.012236726448436645,-1,1
1400,2026-02-11,2026-02-11 23:59:59.999,BCH,1d,524.28,515.88,527.78,507.45,9079.039,8247,-0.016189859282296586,-0.016082079647692274,-1,-1
1401,2026-02-12,2026-02-12 23:59:59.999,BCH,1d,515.85,502.81,520.3,493.76,4598.517,7009,-0.02566181515416698,-0.016189859282296586,-1,-1
1402,2026-02-13,2026-02-13 23:59:59.999,BCH,1d,502.8,564.21,570.78,499.63,22673.984,20984,0.11521415748007302,-0.02566181515416698,1,-1
1403,2026-02-14,2026-02-14 23:59:59.999,BCH,1d,563.92,562.85,572.77,557.63,14649.506,11881,-0.0024133598212835406,0.11521415748007302,-1,1
1404,2026-02-15,2026-02-15 23:59:59.999,BCH,1d,562.66,553.79,565.96,550.34,6748.616,6071,-0.016227609287292877,-0.0024133598212835406,-1,-1
1405,2026-02-16,2026-02-16 23:59:59.999,BCH,1d,553.38,569.11,581.63,551.77,15946.697,11933,0.027288183545466693,-0.016227609287292877,1,-1
1406,2026-02-17,2026-02-17 23:59:59.999,BCH,1d,569.14,563.71,577.94,550.33,21018.643,17342,-0.009533802196220003,0.027288183545466693,-1,1
1407,2026-02-18,2026-02-18 23:59:59.999,BCH,1d,563.62,557.77,570.27,550.35,14020.283,9910,-0.010593243833540565,-0.009533802196220003,-1,-1
1408,2026-02-19,2026-02-19 23:59:59.999,BCH,1d,557.7,560.33,564.75,537.57,21920.0,12032,0.004579204853609151,-0.010593243833540565,1,-1
1409,2026-02-20,2026-02-20 23:59:59.999,BCH,1d,560.31,562.33,569.89,541.18,12984.827,8861,0.00356297029517836,0.004579204853609151,1,1
1410,2026-02-21,2026-02-21 23:59:59.999,BCH,1d,562.35,564.01,575.51,558.57,12745.817,7185,0.0029831156593157397,0.00356297029517836,1,1
1411,2026-02-22,2026-02-22 23:59:59.999,BCH,1d,563.73,570.41,585.18,559.39,7482.41,6574,0.011283418665883118,0.0029831156593157397,1,1
1412,2026-02-23,2026-02-23 23:59:59.999,BCH,1d,570.41,495.29,570.63,487.11,29777.686,16471,-0.1412119508968061,0.011283418665883118,-1,1
1413,2026-02-24,2026-02-24 23:59:59.999,BCH,1d,495.38,484.29,498.71,470.78,19698.506,16636,-0.022459548768858608,-0.1412119508968061,-1,-1
1414,2026-02-25,2026-02-25 23:59:59.999,BCH,1d,484.33,492.56,520.0,483.79,18323.759,13046,0.016932379765407027,-0.022459548768858608,1,-1
1415,2026-02-26,2026-02-26 23:59:59.999,BCH,1d,492.53,478.02,505.15,476.48,8419.975,8541,-0.029963707982625005,0.016932379765407027,-1,1
1416,2026-02-27,2026-02-27 23:59:59.999,BCH,1d,477.88,461.28,490.2,454.79,12538.75,10785,-0.03564733873023761,-0.029963707982625005,-1,-1
1417,2026-02-28,2026-02-28 23:59:59.999,BCH,1d,461.17,457.47,467.29,439.49,29413.874,14768,-0.008293925095061414,-0.03564733873023761,-1,-1
1418,2026-03-01,2026-03-01 23:59:59.999,BCH,1d,457.36,441.27,466.36,431.67,12152.689,8598,-0.0360543757956694,-0.008293925095061414,-1,-1
1419,2026-03-02,2026-03-02 23:59:59.999,BCH,1d,441.3,444.7,454.18,436.01,8603.44,8775,0.007742964517289623,-0.0360543757956694,1,-1
1420,2026-03-03,2026-03-03 23:59:59.999,BCH,1d,444.86,443.68,449.69,432.04,10010.075,7032,-0.002296315649182801,0.007742964517289623,-1,1
1421,2026-03-04,2026-03-04 23:59:59.999,BCH,1d,443.54,467.25,476.57,438.77,10287.9,8310,0.05176086446820435,-0.002296315649182801,1,-1
1422,2026-03-05,2026-03-05 23:59:59.999,BCH,1d,466.74,461.25,467.39,454.6,5984.762,10350,-0.01292425098093529,0.05176086446820435,-1,1
1423,2026-03-06,2026-03-06 23:59:59.999,BCH,1d,461.23,449.43,463.1,441.94,7296.701,16807,-0.025960082157336688,-0.01292425098093529,-1,-1
1424,2026-03-07,2026-03-07 23:59:59.999,BCH,1d,449.43,449.76,453.78,445.48,2536.192,4262,0.0007339939608213644,-0.025960082157336688,1,-1
1425,2026-03-08,2026-03-08 23:59:59.999,BCH,1d,449.8,442.81,455.11,440.54,4587.742,6028,-0.015573323019575676,0.0007339939608213644,-1,1
1426,2026-03-09,2026-03-09 23:59:59.999,BCH,1d,442.71,444.26,456.41,442.61,7430.923,6220,0.003269192490830364,-0.015573323019575676,1,-1
1427,2026-03-10,2026-03-10 23:59:59.999,BCH,1d,444.33,446.5,453.8,442.23,15929.6,7906,0.005029423687077453,0.003269192490830364,1,1
1428,2026-03-11,2026-03-11 23:59:59.999,BCH,1d,446.63,454.74,460.71,445.34,10456.918,5844,0.01828642673543912,0.005029423687077453,1,1
1429,2026-03-12,2026-03-12 23:59:59.999,BCH,1d,454.73,454.75,460.53,451.42,8874.505,11602,2.1990346238883797e-05,0.01828642673543912,1,1
1430,2026-03-13,2026-03-13 23:59:59.999,BCH,1d,454.78,460.54,474.63,454.47,15994.196,11501,0.012651896631241735,2.1990346238883797e-05,1,1
1431,2026-03-14,2026-03-14 23:59:59.999,BCH,1d,460.57,467.38,468.25,454.05,9873.21,6553,0.014742917258187084,0.012651896631241735,1,1
1432,2026-03-15,2026-03-15 23:59:59.999,BCH,1d,467.36,469.32,469.99,459.45,6489.855,6002,0.004142207267762732,0.014742917258187084,1,1
1433,2026-03-16,2026-03-16 23:59:59.999,BCH,1d,469.29,478.59,483.36,465.03,10568.456,7002,0.01955944242559289,0.004142207267762732,1,1
1434,2026-03-17,2026-03-17 23:59:59.999,BCH,1d,478.6,470.37,480.75,470.01,7064.398,5439,-0.017324661940547006,0.01955944242559289,-1,1
1435,2026-03-18,2026-03-18 23:59:59.999,BCH,1d,470.34,456.7,472.45,446.47,9007.715,7562,-0.02949289884951546,-0.017324661940547006,-1,-1
1436,2026-03-19,2026-03-19 23:59:59.999,BCH,1d,456.72,455.5,460.1,449.69,4647.086,6022,-0.0026310034909402956,-0.02949289884951546,-1,-1
1437,2026-03-20,2026-03-20 23:59:59.999,BCH,1d,455.35,474.32,474.93,455.15,18580.991,10195,0.04048648269909925,-0.0026310034909402956,1,-1
1438,2026-03-21,2026-03-21 23:59:59.999,BCH,1d,474.3,462.25,476.91,459.58,8965.708,6565,-0.025776329131878,0.04048648269909925,-1,1
1439,2026-03-22,2026-03-22 23:59:59.999,BCH,1d,462.15,467.0,471.0,457.07,6221.297,5927,0.01022338740166305,-0.025776329131878,1,-1
1440,2026-03-23,2026-03-23 23:59:59.999,BCH,1d,466.99,477.72,485.36,462.84,14047.75,8056,0.02269552913132883,0.01022338740166305,1,1
1441,2026-03-24,2026-03-24 23:59:59.999,BCH,1d,477.71,476.86,479.72,468.72,5104.427,5756,-0.0018018400399651634,0.02269552913132883,-1,1
1442,2026-03-25,2026-03-25 23:59:59.999,BCH,1d,476.88,473.29,479.84,471.17,3900.188,4794,-0.007514638319731472,-0.0018018400399651634,-1,-1
1443,2026-03-26,2026-03-26 23:59:59.999,BCH,1d,473.3,461.61,473.71,458.56,5295.01,8251,-0.024987929703133013,-0.007514638319731472,-1,-1
1444,2026-03-27,2026-03-27 23:59:59.999,BCH,1d,461.7,472.2,472.88,457.69,20340.386,21523,0.022682245914016047,-0.024987929703133013,1,-1
1445,2026-03-28,2026-03-28 23:59:59.999,BCH,1d,472.23,480.62,483.56,470.11,15742.318,8884,0.01767431243344679,0.022682245914016047,1,1
1446,2026-03-29,2026-03-29 23:59:59.999,BCH,1d,480.61,452.24,484.02,446.74,11880.255,8179,-0.060863924717823925,0.01767431243344679,-1,1
1447,2026-03-30,2026-03-30 23:59:59.999,BCH,1d,452.47,459.92,467.02,450.4,8529.291,6953,0.01683954894800021,-0.060863924717823925,1,-1
1448,2026-03-31,2026-03-31 23:59:59.999,BCH,1d,459.95,466.43,477.79,459.74,14847.338,10433,0.014055394122628614,0.01683954894800021,1,1
1449,2026-04-01,2026-04-01 23:59:59.999,BCH,1d,466.49,454.59,466.51,453.62,6342.088,5797,-0.025712041621483554,0.014055394122628614,-1,1
1450,2026-04-02,2026-04-02 23:59:59.999,BCH,1d,454.95,443.93,455.57,439.89,5102.153,8628,-0.023729021470888383,-0.025712041621483554,-1,-1
1451,2026-04-03,2026-04-03 23:59:59.999,BCH,1d,444.02,442.77,446.34,439.39,3749.861,4077,-0.002616444483498012,-0.023729021470888383,-1,-1
1452,2026-04-04,2026-04-04 23:59:59.999,BCH,1d,442.85,440.87,444.6,440.64,1539.966,3386,-0.004300400452962068,-0.002616444483498012,-1,-1
1453,2026-04-05,2026-04-05 23:59:59.999,BCH,1d,440.79,428.22,441.41,420.12,5617.251,5529,-0.02911296519780097,-0.004300400452962068,-1,-1
1454,2026-04-06,2026-04-06 23:59:59.999,BCH,1d,428.27,434.78,440.32,428.2,3869.631,4891,0.01520307381800192,-0.02911296519780097,1,-1
1455,2026-04-07,2026-04-07 23:59:59.999,BCH,1d,434.8,445.82,448.12,429.81,5837.673,5714,0.025075127083753354,0.01520307381800192,1,1
1456,2026-04-08,2026-04-08 23:59:59.999,BCH,1d,445.8,441.22,449.44,439.88,3051.575,4525,-0.010371665845169194,0.025075127083753354,-1,1
1457,2026-04-09,2026-04-09 23:59:59.999,BCH,1d,441.11,442.73,446.27,433.03,4415.805,5588,0.003416486155945169,-0.010371665845169194,1,-1
1458,2026-04-10,2026-04-10 23:59:59.999,BCH,1d,442.82,443.61,446.66,434.19,4414.799,5688,0.0019856946299434968,0.003416486155945169,1,1
1459,2026-04-11,2026-04-11 23:59:59.999,BCH,1d,443.56,437.32,445.06,436.27,1886.537,3916,-0.01428060548722178,0.0019856946299434968,-1,1
1460,2026-04-12,2026-04-12 23:59:59.999,BCH,1d,437.32,425.52,437.76,422.83,3278.733,2960,-0.027353242132221917,-0.01428060548722178,-1,-1
